Unique_ID,Manual_Art_Style
draughts (1952) [christopher strachey],Abstraction: Minimalist
pool (1954) [unknown],Abstraction: Minimalist
tennis for two (1958) [william higinbotham],Abstraction: Minimalist
the sumerian game (1964) [mabel addis],Abstraction: Symbolic
dartmouth championship football (1965) [unknown],Abstraction: Symbolic
pdp 10 timesharing basketball (1967) [unknown],Abstraction: Symbolic
qubic (1968) [unknown],Abstraction: Symbolic
space travel (1969) [unknown],Abstraction: Symbolic
highnoon (1970) [chris gaylo],Abstraction: Symbolic
star trek (1971) [mike mayfield],Abstraction: Symbolic
analogic (1972) [magnavox],Abstraction: Minimalist
percepts (1972) [magnavox],Abstraction: Minimalist
gotcha (1973) [atari],Abstraction: Minimalist
qwak! (1974) [atari],Stylization: Cartoon
orthanc (1975) [eric hagstrom],Abstraction: Symbolic
bigfoot bonkers (1976) [ea],Stylization: Pixel Art
videocart-12: baseball (1977) [fairchild semiconductor],Abstraction: Symbolic
computer golf (1978) [magnavox],Abstraction: Minimalist
motocross (1979) [interton],Stylization: Pixel Art
carnival (1980) [sega],Stylization: Pixel Art
moon war (1981) [stern],Stylization: Pixel Art
marauder (1982) [on-line systems],Stylization: Pixel Art
cyberworld (1983) [unknown],Stylization: Pixel Art
frogger (1984) [the cornsoft group],Stylization: Pixel Art
field combat (1985) [jaleco],Stylization: Pixel Art
ace of aces (1986) [artech studios],Stylization: Pixel Art
soccer manager (1987) [patrick berry],Abstraction: Symbolic
genji: time suspense adventure (1988) [hot-b],Stylization: Pixel Art
"blue angels: formation flight simulation (1989) [""artech digital entertainments, inc.""],Stylization: Pixel Art"
kiki kaikai (1990) [unknown],Stylization: Pixel Art
asmik-kun land (1991) [ea],Stylization: Pixel Art
bionic commando (1992) [minakuchi engineering],Stylization: Pixel Art
skunny: lost in space (1993) [copysoft],Stylization: Pixel Art
slam city with scottie pippen (1994) [digital pictures],Realism: Stylized
puyo puyo (1994) [compile],Stylization: Pixel Art
ultimate mortal kombat 3 (1995) [midway],Realism: Stylized
jungle park (1996) [saru brunei],Stylization: Cartoon
koi no summer fantasy: in miyazaki seagaia (1997) [japan system supply],Realism: Photoreal
alpha betty and friends (1998) [micrograms software],Stylization: Cartoon
frogger (1999) [tiger electronics],Stylization: Pixel Art
orisinal: morning sunshine (2000) [ferry halim],Stylization: Illustrative
crazy arcade (2001) [unknown],Stylization: Cartoon
tactical ops: assault on terror (2002) [kamehan studios],Realism: Photoreal
sonic the hedgehog: time attacked (2003) [jamie bailey],Stylization: Pixel Art
foxy jumper 2: winter adventures (2004) [unknown],Stylization: Cartoon
gakuen heaven: okawari! (2005) [spray],Stylization: Cartoon
lance livre (2006) [devworks game technology],Stylization: Pixel Art
imagine: master chef (2007) [mto],Stylization: Cartoon
burnout paradise (2008) [criterion games],Realism: Photoreal
a g-g-ghost! (2009) [unknown],Stylization: Pixel Art
the guardian legend: secret edition (2010) [optomon],Stylization: Pixel Art
another century's episode portable (2011) [fromsoftware],Stylization: Cartoon
bowling bonanza 3d (2012) [clockwork games],Realism: Stylized
art academy: sketchpad (2013) [ea],Realism: Stylized
rougelight (2014) [unknown],Stylization: Pixel Art
new kind of adventure (2015) [mint age studios],Stylization: Cartoon
revenge of the spirit: rite of resurrection (2016) [unknown],Realism: Stylized
terrorist elimination (2017) [unknown],Realism: Stylized
strikers (2018) [unknown],Stylization: Cartoon
vape escape (2019) [gamechuck],Stylization: Illustrative
"""warhammer 40,000: battle sister"" (2020) [soul assembly],Realism: Stylized"
m.a.i.d.s (2021) [facesit inc. game studio],Stylization: Cartoon
draw saber (2022) [kayac],Realism: Stylized
furry shades of gay 3: still gayer (2023) [furlough games],Stylization: Cartoon
qubic (1968) [unknown],Abstraction: Symbolic
lunar lander (1969) [jim storer],Abstraction: Symbolic
game of life (1970) [john horton conway],Abstraction: Symbolic
the oregon trail (1971) [mecc],Abstraction: Symbolic
shooting gallery (1972) [magnavox],Realism: Stylized
lemonade stand (1973) [mecc],Stylization: Pixel Art
tv pingame (1974) [midway manufacturing],Abstraction: Minimalist
the game of dungeons (1975) [gary wisenhunt],Abstraction: Minimalist
amazing maze (1976) [dave nutting associates],Abstraction: Minimalist
street racer (1977) [atari],Stylization: Pixel Art
videocart-21: bowling (1978) [fairchild semiconductor],Abstraction: Minimalist
sheriff (1979) [nintendo],Stylization: Pixel Art
fire (1981) [nintendo],Stylization: Pixel Art
chicken (1982) [unknown],Stylization: Pixel Art
pac rabbit (1983) [unknown],Abstraction: Minimalist
elite (1984) [acornsoft],Stylization: Pixel Art
sorderon's shadow (1985) [unknown],Stylization: Pixel Art
conquestador (1986) [erbe software],Stylization: Pixel Art
kung-fu master (1987) [unknown],Stylization: Pixel Art
abzoo (1987) [excalibur],Stylization: Pixel Art
outlanders (1988) [cross media soft],Stylization: Pixel Art
crime fighters (1989) [konami],Stylization: Pixel Art
ultima vi: the false prophet (1990) [origin systems],Stylization: Pixel Art
king of the monsters (1991) [snk],Stylization: Pixel Art
taikou risshiden (1992) [unknown],Stylization: Pixel Art
ys iv: the dawn of ys (1993) [falcom],Stylization: Pixel Art
tetris battle gaiden (1994) [bullet-proof software],Stylization: Cartoon
tecmo stackers (1995) [tecmo],Stylization: Pixel Art
invention studio (1996) [unknown],Stylization: Cartoon
picture perfect golf (1997) [lyriq international],Realism: Photoreal
oranges (1998) [unknown],Realism: Stylized
room with lina (1999) [unknown],Stylization: Cartoon
buffy the vampire slayer (2000) [gamebrains],Stylization: Pixel Art
nascar racing 4 (2001) [papyrus design group],Realism: Stylized
the transporter (2002) [fox studios],Realism: Stylized
x2: the threat (2003) [linux game publishing],Realism: Stylized
riot police (2004) [zono inc.],Stylization: Cartoon
harvest moon: boy & girl (2005) [marvelous interactive],Stylization: Cartoon
the blackwell legacy (2006) [wadjet eye games],Stylization: Pixel Art
sherlock holmes: the awakened (2007) [frogwares],Realism: Stylized
deep sea marble pop (2008) [alawar],Stylization: Cartoon
flowerworks (2009) [unknown],Stylization: Cartoon
aliens vs. predator: bughunt map pack (2010) [rebellion developments],Realism: Stylized
brainium solitaire (2011) [brainium],Stylization: Cartoon
snapshot (2012) [retro affect],Stylization: Cartoon
blt blast (2014) [unknown],Stylization: Pixel Art
fingered (2015) [edmund mcmillen],Stylization: Illustrative
assoluto racing (2016) [unknown],Realism: Stylized
my master's birthday (2017) [unknown],Stylization: Cartoon
crazy appliances (2018) [unknown],Stylization: Pixel Art
tomai (2019) [darkchibishadow],Stylization: Illustrative
枝江往事 (2021) [unknown],Stylization: Cartoon
ashland dossier (2022) [unknown],Stylization: Cartoon
merge & blade: puppy charater (2023) [unknown],Stylization: Pixel Art
pdp 10 timesharing basketball (1967) [unknown],Abstraction: Symbolic
civil war (1968) [unknown],Abstraction: Symbolic
galaxy game (1971) [ea],Abstraction: Minimalist
table tennis (1972) [magnavox],Abstraction: Minimalist
basketball (1973) (1973) [magnavox],Abstraction: Minimalist
wheels (1974) [taito],Abstraction: Minimalist
the dungeon (1975) [reginald rutherford],Abstraction: Minimalist
colossal cave adventure (1976) [will crowther],Abstraction: Symbolic
air/sea attack (1977) [atari],Stylization: Pixel Art
sprint one (1978) [atari],Stylization: Pixel Art
showdown in 2100 a.d. (1979) [unknown],Stylization: Pixel Art
house of usher (1980) [unknown],Stylization: Pixel Art
cranston manor (1981) [on-line systems],Stylization: Pixel Art
rescue terra i (1982) [venturevision],Stylization: Pixel Art
frenzy (1983) [ea],Stylization: Pixel Art
hole land (1984) [tecfri],Stylization: Pixel Art
international hockey (1985) [superior quality software],Stylization: Pixel Art
argus (1986) [nmk co. ltd.],Stylization: Pixel Art
rapid fire (1987) [icon design ltd.],Stylization: Pixel Art
torch 2081 (1988) [digital concepts],Stylization: Pixel Art
el capitán trueno (1989) [zeus software],Stylization: Pixel Art
magic carpet 1001 (1991) [mega soft],Stylization: Pixel Art
congo's caper (1992) [ea],Stylization: Pixel Art
j. j. squawkers (1993) [athena],Stylization: Cartoon
akira (1994) [ea],Stylization: Pixel Art
macaroni houren-sou interactive (1995) [unknown],Stylization: Cartoon
zoku gussun oyoyo (1996) [now production],Stylization: Cartoon
mario net quest (1997) [c3 incorporated],Stylization: Cartoon
bomberman quest (1998) [eleven],Stylization: Pixel Art
densha de go! nagoya tetsudou-hen (2000) [taito gm r&d sect. #2],Realism: Stylized
tribes 2 (2001) [loki software],Realism: Stylized
computer space (1971) [atari],Abstraction: Symbolic
freeway crossing program (1971) [michael irrgang],Abstraction: Symbolic
pong (1972) [atari],Abstraction: Minimalist
baseball (1972) [magnavox],Abstraction: Minimalist
haunted house (1972) [magnavox],Stylization: Illustrative
space race (1973) [atari],Abstraction: Minimalist
touch me (1974) [atari],Abstraction: Minimalist
spike (1974) [kee games],Abstraction: Minimalist
world cup football (1974) [atari],Abstraction: Minimalist
wander (1974) [peter langston],Abstraction: Symbolic
quadrapong (1974) [kee games],Abstraction: Minimalist
airfight (1974) [unknown],Abstraction: Minimalist
super pong (1974) [atari],Abstraction: Minimalist
wipe out (1974) [ramtek],Abstraction: Minimalist
clean sweep (1974) [ramtek],Abstraction: Minimalist
pin pong (1974) [atari],Abstraction: Minimalist
"oxo (1952) [alexander shafto ""sandy"" douglas],Abstraction: Symbolic"
trek73 (1973) [unknown],Abstraction: Symbolic
pong doubles (1973) [atari],Abstraction: Minimalist
laser clay shooting system (1973) [nintendo],Realism: Photoreal
gran trak 10 (1974) [atari],Abstraction: Minimalist
star trader (1974) [people's computer company],Abstraction: Symbolic
rebound (1974) [atari],Abstraction: Minimalist
tv basketball (1974) [taito],Stylization: Pixel Art
the game of dungeons (1975) [dirk pellett],Abstraction: Minimalist
videocart-1: tic-tac-toe & shooting gallery & doodle & quadra-doodle (1976) [fairchild semiconductor],Abstraction: Symbolic
videocart-2: desert fox & shooting gallery (1976) [fairchild semiconductor],Abstraction: Minimalist
sprint 2 (1976) [kee games],Abstraction: Minimalist
videocart-3: video blackjack (1976) [fairchild semiconductor],Abstraction: Minimalist
blackjack (1977) [atari],Abstraction: Symbolic
videocart-5: space war (1977) [fairchild semiconductor],Abstraction: Symbolic
pro golf (1979) [unknown],Stylization: Pixel Art
ripcord (1979) [exidy],Stylization: Pixel Art
avatar (1979) [andrew shapira],Abstraction: Symbolic
deep scan (1979) [gremlin industries],Stylization: Pixel Art
nfl football (1979) [aph technological consulting],Stylization: Pixel Art
las vegas poker & blackjack (1979) [aph technological consulting],Stylization: Pixel Art
olympic decathlon (1980) [unknown],Stylization: Pixel Art
pachinko! (1980) [magnavox],Stylization: Pixel Art
cyber strike (1980) [sirius software],Stylization: Pixel Art
terranean (1980) [ea],Stylization: Pixel Art
vermin (1980) [nintendo],Stylization: Cartoon
judge (1980) [nintendo],Stylization: Cartoon
flagman (1980) [nintendo],Stylization: Cartoon
mad alien (1980) [ea],Stylization: Pixel Art
soccer (1980) [philips semiconductors],Abstraction: Minimalist
sea duel (1980) [milton bradley],Abstraction: Minimalist
pairs / space rendezvous / logic (1980) [magnavox],Stylization: Pixel Art
indian battle (1980) [taito],Stylization: Pixel Art
maze craze: a game of cops 'n robbers (1980) [atari],Abstraction: Minimalist
star warrior (1980) [automated simulations],Stylization: Pixel Art
manhattan (1980) [unknown],Stylization: Pixel Art
kosmo killer (1980) [unknown],Stylization: Pixel Art
blockout! / breakdown! (1980) [magnavox],Abstraction: Minimalist
skiing (1980) [activision],Abstraction: Minimalist
boxing (1980) [activision],Abstraction: Minimalist
the wizard and the princess (1980) [on-line systems],Stylization: Pixel Art
star raiders (1980) [atari],Stylization: Pixel Art
donkey kong (1981) [ikegami tsushinki],Stylization: Pixel Art
scramble (1981) [konami],Stylization: Pixel Art
zork ii: the wizard of frobozz (1981) [infocom],Abstraction: Symbolic
zork iii: the dungeon master (1982) [infocom],Abstraction: Symbolic
donkey kong 3 (1983) [nintendo],Stylization: Pixel Art
james bond 007 (1983) [on time software],Stylization: Pixel Art
enchanter (1983) [infocom],Abstraction: Symbolic
king's quest: quest for the crown (1984) [sierra on-line],Stylization: Pixel Art
sorcerer (1984) [infocom],Abstraction: Symbolic
ballblazer (1985) [lucasfilm games],Stylization: Pixel Art
rescue on fractalus! (1985) [lucasfilm games],Realism: Stylized
where in the world is carmen sandiego? (1985) [brøderbund software],Stylization: Pixel Art
space quest: the sarien encounter (1986) [sierra on-line],Stylization: Pixel Art
king's quest iii: to heir is human (1986) [sierra on-line],Stylization: Pixel Art
phm pegasus (1987) [lucasfilm games],Stylization: Pixel Art
battlehawks 1942 (1988) [lucasfilm games],Stylization: Pixel Art
king's quest iv: the perils of rosella (1988) [sierra on-line],Stylization: Pixel Art
indiana jones and the last crusade: the graphic adventure (1989) [lucasfilm games],Stylization: Cartoon
the secret of monkey island (1990) [lucasfilm games],Stylization: Pixel Art
night shift (1990) [attention to detail],Stylization: Pixel Art
monkey island 2: lechuck's revenge (1991) [lucasarts],Stylization: Cartoon
secret weapons of the luftwaffe (1991) [lucasfilm games],Realism: Stylized
dune (1992) [cryo interactive],Stylization: Pixel Art
dune ii: the building of a dynasty (1992) [westwood studios],Stylization: Pixel Art
indiana jones and the fate of atlantis (1992) [lucasarts],Stylization: Pixel Art
syndicate (1993) [bullfrog productions],Stylization: Pixel Art
syndicate: american revolt (1993) [bullfrog productions],Stylization: Pixel Art
system shock (1994) [looking glass studios],Realism: Stylized
the elder scrolls: arena (1994) [bethesda softworks],Stylization: Pixel Art
jagged alliance (1995) [madlab software],Stylization: Pixel Art
space quest 6: the spinal frontier (1995) [sierra],Stylization: Cartoon
jagged alliance: deadly games (1996) [madlab software],Stylization: Pixel Art
syndicate wars (1996) [bullfrog productions],Stylization: Pixel Art
the elder scrolls ii: daggerfall (1996) [bethesda softworks],Stylization: Pixel Art
fallout: a post nuclear role playing game (1997) [black isle studios],Stylization: Cartoon
x-com: apocalypse (1997) [mythos games],Stylization: Cartoon
dungeon keeper (1997) [bullfrog productions],Stylization: Cartoon
thief: the dark project (1998) [looking glass studios],Realism: Stylized
baldur's gate (1998) [bioware],Realism: Stylized
fallout 2 (1998) [black isle studios],Stylization: Cartoon
jagged alliance 2 (1999) [sir-tech canada],Stylization: Cartoon
system shock 2 (1999) [irrational games],Realism: Stylized
dungeon keeper 2 (1999) [bullfrog productions],Stylization: Cartoon
thief ii: the metal age (2000) [looking glass studios],Stylization: Cartoon
baldur's gate ii: shadows of amn (2000) [bioware],Realism: Stylized
vampire: the masquerade - redemption (2000) [nihilistic software],Realism: Stylized
fallout tactics: brotherhood of steel (2001) [micro forté],Stylization: Cartoon
baldur's gate ii: throne of bhaal (2001) [bioware],Stylization: Cartoon
mafia (2002) [illusion softworks],Realism: Photoreal
the elder scrolls iii: morrowind (2002) [bethesda game studios],Realism: Stylized
the elder scrolls iii: tribunal (2002) [bethesda game studios],Realism: Stylized
max payne 2: the fall of max payne (2003) [remedy entertainment],Realism: Photoreal
deus ex: invisible war (2003) [ion storm],Realism: Stylized
the elder scrolls iii: bloodmoon (2003) [bethesda game studios],Realism: Stylized
thief: deadly shadows (2004) [ion storm],Realism: Stylized
vampire: the masquerade - bloodlines (2004) [troika games],Realism: Stylized
baldur's gate: dark alliance ii (2004) [black isle studios],Realism: Stylized
stubbs the zombie in rebel without a pulse (2005) [wideload games],Realism: Stylized
need for speed: most wanted (2005) [ea],Realism: Photoreal
devil may cry 3: dante's awakening (2005) [capcom],Realism: Stylized
the elder scrolls iv: oblivion (2006) [bethesda game studios],Realism: Stylized
need for speed: carbon (2006) [ea],Realism: Photoreal
star wars: empire at war (2006) [petroglyph games],Realism: Stylized
jade empire: special edition (2007) [bioware],Realism: Stylized
bioshock (2007) [2k australia],Realism: Stylized
overlord (2007) [4j studios],Stylization: Cartoon
fallout 3 (2008) [bethesda game studios],Realism: Stylized
dead space (2008) [ea],Realism: Stylized
overlord: raising hell (2008) [4j studios],Stylization: Cartoon
overlord ii (2009) [triumph studios],Stylization: Cartoon
overlord: dark legend (2009) [climax studios],Stylization: Cartoon
overlord: minions (2009) [climax studios],Stylization: Cartoon
fallout: new vegas (2010) [obsidian entertainment],Realism: Stylized
bioshock 2 (2010) [2k marin],Stylization: Cartoon
dead space 2 (2011) [visceral games],Realism: Stylized
deus ex: human revolution (2011) [eidos montréal],Realism: Stylized
portal 2 (2011) [valve],Realism: Stylized
mass effect 3 (2012) [bioware],Realism: Stylized
diablo iii (2012) [blizzard entertainment],Stylization: Cartoon
silent hill: downpour (2012) [vatra games],Realism: Stylized
the bureau: xcom declassified (2013) [2k marin],Realism: Stylized
metal gear rising: revengeance (2013) [platinumgames],Realism: Stylized
final fantasy xiv online (2013) [ea],Realism: Stylized
thief (2014) [eidos montréal],Realism: Stylized
prey 2 (2014) [ea],Realism: Stylized
wildstar (2014) [carbine studios],Stylization: Cartoon
starcraft ii: legacy of the void (2015) [blizzard entertainment],Stylization: Cartoon
prison architect (2015) [introversion software],Stylization: Cartoon
pillars of eternity (2015) [obsidian entertainment],Realism: Stylized
homefront: the revolution (2016) [deep silver dambuster studios],Realism: Photoreal
south park: the fractured but whole - amazon steel book edition (2017) [unknown],Stylization: Cartoon
airmech (2018) [carbon games],Stylization: Cartoon
agent (2018) [rockstar north],Realism: Stylized
return of the tentacle (2018) [catmic games],Stylization: Cartoon
cube world (2019) [picroma],Stylization: Pixel Art
space engineers (2019) [keen software house],Realism: Stylized
cyberpunk 2077 (2020) [cd projekt red],Realism: Photoreal
besiege (2020) [spiderling games],Stylization: Cartoon
crowfall (2021) [artcraft entertainment],Stylization: Cartoon
fate of the pharaoh (2021) [unknown],Stylization: Cartoon
frogs vs. storks (2021) [unknown],Stylization: Cartoon
"""anonymous;code"" (2022) [5pb.],Stylization: Cartoon"
asteroid miner (2022) [supersonic studios ltd],Stylization: Cartoon
antioch: scarlet bay (2022) [fibretigre],Stylization: Cartoon
dead island 2 (2023) [deep silver dambuster studios],Realism: Photoreal
drift stage (2023) [super systems softworks],Stylization: Cartoon
the final matrix (2023) [unknown],Stylization: Pixel Art
potions: a curious tale (2024) [stumbling cat],Stylization: Cartoon
play ball (1972) [gremlin industries],Stylization: Illustrative
wipeout (1972) [magnavox],Abstraction: Symbolic
western gun (1975) [taito],Stylization: Pixel Art
anti-aircraft (1975) [atari],Abstraction: Minimalist
crash 'n score (1975) [atari],Abstraction: Minimalist
death race (1976) [exidy],Abstraction: Minimalist
sea wolf (1976) [dave nutting associates],Abstraction: Minimalist
zork (1977) [infocom],Abstraction: Symbolic
baseball (1977) [unknown],Abstraction: Symbolic
air-sea battle (1977) [atari],Stylization: Pixel Art
adventureland (1978) [scott adams],Stylization: Pixel Art
gee bee (1978) [namco],Stylization: Pixel Art
beneath apple manor (1978) [unknown],Abstraction: Symbolic
akalabeth: world of doom (1979) [richard garriott],Stylization: Pixel Art
circus atari (1979) [atari],Stylization: Pixel Art
armor attack (1980) [cinematronics],Abstraction: Minimalist
mystery house (1980) [sierra on-line],Abstraction: Symbolic
centipede (1981) [atari],Stylization: Pixel Art
castle wolfenstein (1981) [muse software],Stylization: Pixel Art
dig dug (1982) [namco],Stylization: Pixel Art
arcade archives: dig dug (2022) [namco],Stylization: Pixel Art
arcade archives: dig dug ii (2023) [bandai namco entertainment],Stylization: Pixel Art
arcade game series: dig dug (2016) [bandai namco entertainment],Stylization: Pixel Art
dig dug (1982) [atari],Stylization: Pixel Art
zaxxon (1982) [sega],Stylization: Pixel Art
wizardry: knight of diamonds - the second scenario (1982) [sir-tech software],Abstraction: Symbolic
lilly adventure (1983) [gem international corp.],Stylization: Pixel Art
3d crazy coaster (1983) [gce],Abstraction: Minimalist
3d narrow escape (1983) [gce],Abstraction: Minimalist
the adventures of buckaroo banzai: across the eighth dimension (1984) [adventure international],Stylization: Pixel Art
amazon (1984) [trillium],Stylization: Pixel Art
50 mission crush (1984) [john gray],Abstraction: Symbolic
super mario bros. (1985) [nintendo],Stylization: Pixel Art
king's quest ii: romancing the throne (1985) [sierra on-line],Stylization: Pixel Art
super mario bros.: the lost levels (1986) [nintendo],Stylization: Pixel Art
vampire killer (1986) [konami],Stylization: Pixel Art
strike fleet (1987) [lucasfilm games],Stylization: Pixel Art
final fantasy (1987) [square],Stylization: Pixel Art
super mario bros. 3 (1988) [nintendo],Stylization: Pixel Art
police quest ii: the vengeance (1988) [sierra on-line],Stylization: Pixel Art
pipe dream (1989) [the assembly line],Stylization: Pixel Art
their finest hour: the battle of britain (1989) [lucasfilm games],Realism: Stylized
populous (1989) [bullfrog productions],Stylization: Pixel Art
metal gear 2: solid snake (1990) [konami],Stylization: Pixel Art
final fantasy legend ii (1990) [square],Stylization: Pixel Art
wing commander (1990) [origin systems],Realism: Stylized
final fantasy ii (1991) [square],Stylization: Pixel Art
final fantasy adventure (1991) [square],Stylization: Pixel Art
final fantasy legend iii (1991) [square osaka development department],Stylization: Pixel Art
wolfenstein 3d (1992) [id software],Stylization: Pixel Art
final fantasy: mystic quest (1992) [square osaka development department],Stylization: Pixel Art
final fantasy v (1992) [square],Stylization: Pixel Art
freddy pharkas: frontier pharmacist (1993) [sierra on-line],Stylization: Cartoon
star wars: rebel assault (1993) [lucasarts],Realism: Photoreal
the need for speed (1994) [ea],Realism: Photoreal
warcraft: orcs & humans (1994) [blizzard entertainment],Stylization: Pixel Art
star wars: tie fighter (1994) [totally games],Realism: Stylized
warcraft ii: tides of darkness (1995) [blizzard entertainment],Stylization: Pixel Art
star wars: dark forces (1995) [lucasarts],Stylization: Pixel Art
star wars: rebel assault ii - the hidden empire (1995) [lucasarts],Realism: Stylized
master of orion ii: battle at antares (1996) [simtex],Stylization: Cartoon
terra nova: strike force centauri (1996) [looking glass studios],Realism: Stylized
diablo (1996) [blizzard north],Stylization: Cartoon
an elder scrolls legend: battlespire (1997) [bethesda softworks],Realism: Stylized
need for speed ii (1997) [ea],Realism: Stylized
"x-com: interceptor (1998) [""microprose software, inc.""],Stylization: Cartoon"
the elder scrolls adventures: redguard (1998) [bethesda softworks],Realism: Stylized
the last of us part ii (2020) [naughty dog],Realism: Photoreal
the last of us part ii remastered (2024) [naughty dog],Realism: Photoreal
the last of us part ii remastered: w.l.f. edition (2024) [naughty dog],Realism: Photoreal
the last of us part ii remastered: collector's edition (2020) [naughty dog],Realism: Photoreal
the last of us part ii remastered: ellie edition (2020) [naughty dog],Realism: Photoreal
the last of us part ii remastered: grounded update (2020) [naughty dog],Realism: Photoreal
the last of us part ii remastered: special edition (2020) [naughty dog],Realism: Photoreal
the last of us part i (2022) [naughty dog],Realism: Photoreal
the last of us (2013) [naughty dog],Realism: Photoreal
the last of us remastered (2014) [naughty dog],Realism: Photoreal
the last of us remastered: day 1 edition (2014) [naughty dog],Realism: Photoreal
the last of us: between the years (2024) [kyle jussab],Realism: Photoreal
the last of us: left behind (2014) [naughty dog],Realism: Photoreal
the last of us: post-pandemic edition (2013) [naughty dog],Realism: Photoreal
the last of us: survival edition (2013) [naughty dog],Realism: Photoreal
dune 2000 (1998) [westwood studios],Stylization: Cartoon
baldur's gate: tales of the sword coast (1999) [bioware],Realism: Stylized
need for speed: high stakes (1999) [ea],Realism: Stylized
star wars: episode i - racer (1999) [lucasarts],Stylization: Cartoon
giants: citizen kabuto (2000) [planet moon studios],Stylization: Cartoon
deus ex (2000) [ion storm],Realism: Stylized
escape from monkey island (2000) [lucasarts],Stylization: Cartoon
baldur's gate: dark alliance (2001) [black isle studios],Realism: Stylized
frank herbert's dune (2001) [widescreen games],Realism: Stylized
emperor: battle for dune (2001) [intelligent games],Stylization: Cartoon
warcraft iii: reign of chaos (2002) [blizzard entertainment],Stylization: Cartoon
star wars: galactic battlegrounds - clone campaigns (2002) [lucasarts],Stylization: Cartoon
master of orion iii (2003) [quicksilver software],Stylization: Cartoon
need for speed: underground (2003) [ea],Realism: Stylized
hidden & dangerous 2 (2003) [illusion softworks],Realism: Stylized
star wars: knights of the old republic ii - the sith lords (2004) [obsidian entertainment],Realism: Stylized
world of warcraft (2004) [blizzard entertainment],Stylization: Cartoon
star wars: battlefront ii (2005) [pandemic studios],Realism: Stylized
star wars galaxies: rage of the wookiees (2005) [sony online entertainment],Realism: Stylized
star wars: republic commando (2005) [lucasarts],Realism: Stylized
star wars: empire at war - forces of corruption (2006) [petroglyph games],Realism: Stylized
lego star wars ii: the original trilogy (2006) [robosoft technologies],Stylization: Cartoon
neverwinter nights 2 (2006) [aspyr media],Realism: Stylized
portal (2007) [valve],Realism: Stylized
mass effect (2007) [bioware],Realism: Photoreal
the witcher (2007) [cd projekt red],Realism: Stylized
devil may cry 4 (2008) [capcom],Realism: Stylized
left 4 dead (2008) [certain affinity],Realism: Stylized
tales of monkey island (2009) [telltale games],Stylization: Cartoon
the secret of monkey island: special edition (2009) [lucasarts],Stylization: Cartoon
dragon age: origins (2009) [bioware edmonton],Realism: Stylized
monkey island 2 special edition: lechuck's revenge (2010) [lucasarts],Stylization: Cartoon
mass effect 2 (2010) [bioware],Realism: Stylized
dragon age: origins - awakening (2010) [bioware edmonton],Realism: Stylized
dragon age ii (2011) [bioware edmonton],Realism: Stylized
star wars: the old republic (2011) [bioware austin],Realism: Stylized
i am alive (2012) [darkworks],Realism: Stylized
phantasy star online 2 (2012) [online entertainment r&d],Stylization: Cartoon
of orcs and men (2012) [cyanide studio],Realism: Stylized
starcraft ii: heart of the swarm (2013) [blizzard entertainment],Stylization: Cartoon
bioshock infinite (2013) [irrational games],Stylization: Cartoon
metro: last light (2013) [4a games],Realism: Stylized
the elder scrolls online (2014) [zenimax online studios],Realism: Stylized
watch dogs (2014) [ubisoft],Realism: Photoreal
castlevania: lords of shadow 2 (2014) [ea],Realism: Stylized
war for the overworld (2015) [brightrock games],Stylization: Cartoon
carmageddon: reincarnation (2015) [stainless games ltd.],Realism: Stylized
dirty bomb (2015) [splash damage],Realism: Stylized
grim dawn (2016) [crate entertainment],Stylization: Cartoon
torment: tides of numenera (2016) [inxile entertainment],Stylization: Cartoon
mirror's edge catalyst (2016) [ea],Realism: Stylized
total war: warhammer ii - limited edition (2017) [ea],Realism: Stylized
the watchmaker (2018) [micropsia games],Stylization: Cartoon
shroud of the avatar: forsaken virtues (2018) [portalarium],Realism: Stylized
"""chasm (2018) [bit kid, inc.]"",Stylization: Pixel Art"
kingdom under fire ii (2019) [blueside],Realism: Stylized
guard duty (2019) [sick chicken studios],Stylization: Pixel Art
snow (2019) [poppermost productions],Realism: Photoreal
mount & blade ii: bannerlord (2020) [taleworlds],Realism: Photoreal
from the depths (2020) [brilliant skies ltd.],Realism: Stylized
praey for the gods (2021) [no matter studios],Realism: Stylized
psychonauts 2 (2021) [double fine productions],Stylization: Cartoon
ghost song (2022) [old moon games],Stylization: Illustrative
knuckle sandwich (2023) [andrew brophy],Stylization: Pixel Art
lsd: revamped (2024) [figglewatts],Abstraction: Symbolic
saviorless (2024) [ea],Stylization: Illustrative
metaphor: refantazio (2024) [studio zero],Stylization: Cartoon
mario's brewery (1983) [jeremy thorne],Stylization: Pixel Art
mario's cement factory (1983) [nintendo],Stylization: Cartoon
mario's bombs away (1983) [nintendo],Stylization: Pixel Art
punch ball mario bros. (1984) [hudson soft],Stylization: Pixel Art
mario bros. special (1984) [hudson soft],Stylization: Pixel Art
mario bros. (1984) [unknown],Stylization: Pixel Art
mario bros. (1984) [nintendo],Stylization: Pixel Art
all night nippon super mario bros. (1986) [nintendo],Stylization: Pixel Art
super mario bros. special (1986) [hudson soft],Stylization: Pixel Art
vs. super mario bros. (1986) [nintendo],Stylization: Pixel Art
super mario bros. (1986) [nintendo],Stylization: Cartoon
mario bros. (1987) [choice software],Stylization: Pixel Art
mario bros. (1987) [ea],Stylization: Pixel Art
tonkachi mario (1987) [unknown],Stylization: Pixel Art
super mario bros. (1987) [nintendo],Stylization: Cartoon
kaettekita mario bros. (1988) [nintendo],Stylization: Pixel Art
super mario bros. / duck hunt (1988) [nintendo],Stylization: Pixel Art
super mario bros. / tetris / nintendo world cup (1988) [nintendo],Stylization: Pixel Art
mario bros. (1988) [itdc (international technology development corporation)],Stylization: Pixel Art
mario bros. (1988) [sculptured software],Stylization: Pixel Art
super mario land (1989) [nintendo],Stylization: Pixel Art
micro arcade: pac-man (1980) [world's smallest],Stylization: Pixel Art
pac-man (speedup) (1980) [unknown],Stylization: Pixel Art
pac-man (1981) [tomy],Stylization: Cartoon
pac-man (1981) [ectron],Stylization: Cartoon
pac-man (1981) [halion],Stylization: Pixel Art
pac-man (1982) [namco],Stylization: Pixel Art
pac-man plus (1982) [bally midway],Stylization: Pixel Art
baby pac-man (1982) [bally midway],Stylization: Pixel Art
ms. pac-man: speedup (1982) [unknown],Stylization: Pixel Art
jr. pac-man (1983) [atari],Stylization: Pixel Art
professor pac-man (1983) [dave nutting associates],Stylization: Pixel Art
pac-man (1983) [tiger electronics],Stylization: Pixel Art
pac-man (1983) [namco],Stylization: Pixel Art
pac-man (1983) [unknown],Stylization: Pixel Art
ms. pac-man (1983) [general computer corporation (gcc)],Stylization: Pixel Art
ms. pac-man (1984) [tiger electronics],Stylization: Pixel Art
pac-man (1984) [tiger electronics],Stylization: Pixel Art
pac-man (1984) [namco hometek],Stylization: Pixel Art
pac-man (1984) [namco],Stylization: Pixel Art
ms. pac-man (1986) [general computer corporation (gcc)],Stylization: Pixel Art
pac-mania (1987) [namco],Stylization: Pixel Art
pac-mania (1988) [namco],Stylization: Pixel Art
pac-man (1989) [namco],Stylization: Pixel Art
pac-mania (1989) [namco],Stylization: Pixel Art
pac-mania (1990) [namco],Stylization: Pixel Art
pac-man (1990) [namco],Stylization: Pixel Art
ms. pac-man (1990) [now production],Stylization: Pixel Art
ms. pac-man (1990) [tengen],Stylization: Pixel Art
ms. pac-man (1990) [atari],Stylization: Pixel Art
pac-man (1990) [nelsonic industries],Stylization: Cartoon
ms. pac-man (1991) [general computer corporation (gcc)],Stylization: Pixel Art
ms. pac-man (1991) [tengen],Stylization: Pixel Art
pac-man (1991) [namco],Stylization: Pixel Art
pac-mania (1991) [namco],Stylization: Pixel Art
pac-man (1992) [micro games of america],Stylization: Cartoon
pac-man (1992) [namco],Stylization: Pixel Art
pac-mania (1992) [namco],Stylization: Pixel Art
ms. pac-man (1993) [namco hometek],Stylization: Pixel Art
pac-man 2: the new adventures (1994) [namco],Stylization: Pixel Art
pac-man (1995) [namco],Stylization: Pixel Art
ms. pac-man (1995) [unknown],Stylization: Cartoon
pac-man vr (1996) [virtuality entertainment],Stylization: Cartoon
pac-man arrangement (1996) [namco],Stylization: Pixel Art
pac-man world (1999) [namco hometek],Stylization: Cartoon
ms. pac-man: special color edition (1999) [unknown],Stylization: Pixel Art
pac-man (1999) [namco],Stylization: Pixel Art
pac-man (1999) [mga entertainment],Stylization: Cartoon
super pac-man (1999) [namco],Stylization: Pixel Art
ms. pac-man: maze madness (2000) [mass media inc],Stylization: Cartoon
pac-man: adventures in time (2000) [ea],Stylization: Cartoon
ms. pac-man/galaga: class of 1981 (2000) [namco],Stylization: Pixel Art
pac-man (2000) [namco],Stylization: Pixel Art
pac-man collection (2001) [mass media inc],Stylization: Pixel Art
pac-man world 2 (2002) [namco hometek],Stylization: Cartoon
pac-man (2002) [ea],Stylization: Cartoon
pac-man (2003) [namco],Stylization: Pixel Art
pac-man vs. & pac-man world 2 (2003) [namco hometek],Stylization: Cartoon
classic nes series: pac-man (2004) [namco],Stylization: Pixel Art
pac-man world (2004) [full fat],Stylization: Cartoon
pac-man 25th anniversary (2004) [namco],Stylization: Pixel Art
namco: featuring ms. pac-man (2004) [hotgen],Stylization: Pixel Art
wireless ms. pac-man (2004) [jakks pacific],Stylization: Pixel Art
pac-man (2004) [namco],Stylization: Pixel Art
pac-man world 3 (2005) [blitz games],Stylization: Cartoon
pac-man pinball advance (2005) [humansoft],Stylization: Pixel Art
pac-man world 2 (2005) [dsi games],Stylization: Pixel Art
pac-man arrangement (2005) [namco],Stylization: Cartoon
gamekey: namco - pac-man / bosconian / rally-x (2005) [hotgen],Stylization: Pixel Art
pac-man arrangement plus (2005) [tose],Stylization: Cartoon
pac-man world rally (2006) [smart bomb interactive],Stylization: Cartoon
pac-man (2006) [namco],Stylization: Pixel Art
pac-man championship edition (2007) [namco bandai games],Stylization: Cartoon
arcade gold featuring pac-man (2007) [jakks pacific],Stylization: Pixel Art
pac-man vs. (2007) [m2],Stylization: Pixel Art
pac-man (2008) [namco bandai games],Stylization: Pixel Art
retro arcade: pac-man (2008) [hotgen],Stylization: Pixel Art
pac-man collection (2008) [opcode games],Stylization: Pixel Art
pac-man remix (2009) [namco bandai games],Stylization: Cartoon
pac-mania (2009) [namco bandai games],Stylization: Cartoon
videocart-27: pac-man (2009) [kai darius kohl and fredric blåholtz],Stylization: Pixel Art
namco all-stars: pac-man (2009) [unknown],Stylization: Pixel Art
pac-man party (2010) [namco network],Stylization: Cartoon
pac-man: championship edition dx (2010) [namco bandai games],Stylization: Cartoon
"pac-man pizza parlor (2010) [""mine loader software co., ltd.""],Stylization: Cartoon"
30th anniversary of pac-man (2010) [google],Stylization: Pixel Art
pac-man x bomberman (2010) [hudson soft],Stylization: Pixel Art
pac-mania (2010) [namco],Stylization: Cartoon
pac-man & galaga dimensions (2011) [namco bandai games],Stylization: Cartoon
pac-man party 3d (2011) [namco bandai games],Stylization: Cartoon
the world's biggest pac-man (2011) [ea],Stylization: Pixel Art
pac-man battle royale (2011) [namco bandai games],Stylization: Cartoon
ms. pac-man for ipad (2011) [unknown],Stylization: Pixel Art
pac-man tilt (2011) [namco bandai games],Stylization: Cartoon
pac-man 4k (2012) [dennis debro],Stylization: Pixel Art
pac-man connect & play (2012) [bandai],Stylization: Pixel Art
pac-man 256 (2012) [bandai],Stylization: Pixel Art
dual pack: pac-man world 3 / namco museum ds (2012) [unknown],Stylization: Pixel Art
pac-man arcade emulator (2012) [unknown],Stylization: Pixel Art
"pac-man: championship edition dx+ (2013) [""mine loader software co., ltd.""],Stylization: Pixel Art"
pac-man championship edition dx: all you can eat edition (2013) [bandai namco entertainment],Stylization: Pixel Art
pac-man (2013) [namco bandai games],Stylization: Pixel Art
pac-man and the ghostly adventures 2 (2014) [monkey bar games],Stylization: Cartoon
pac-man museum (2014) [bandai namco studios],Stylization: Cartoon
pac-man friends (2014) [bandai namco games],Stylization: Cartoon
be like pac-man and the ghostly adventures (2014) [katila],Stylization: Cartoon
pac-man 256 (2015) [hipster whale],Stylization: Pixel Art
pac-man championship edition 2 (2016) [bandai namco studios],Stylization: Cartoon
arcade game series: pac-man (2016) [bandai namco entertainment europe],Stylization: Pixel Art
arcade game series: ms. pac-man (2016) [bandai namco studios],Stylization: Pixel Art
world's largest pac-man (2016) [raw thrills],Stylization: Pixel Art
pac-man (2016) [unknown],Stylization: Cartoon
moff pac-man (2016) [moffapps],Stylization: Pixel Art
arcade classics: pac-man (2016) [basic fun],Stylization: Pixel Art
reese's pac-man (2017) [unknown],Stylization: Cartoon
tiny arcade: pac-man (2017) [super impulse],Stylization: Pixel Art
tiny arcade: ms. pac-man (2017) [super impulse],Stylization: Pixel Art
pac-man championship edition 2 plus (2018) [itl],Stylization: Cartoon
pac-man: ralph breaks the maze (2018) [bandai namco entertainment],Stylization: Pixel Art
pac-man micro player (2018) [my arcade],Stylization: Pixel Art
arcade classics: ms. pac-man (2018) [basic fun],Stylization: Pixel Art
red bull pac-man (2018) [unknown],Stylization: Pixel Art
pa-3 x pac-man special game (2018) [unknown],Stylization: Pixel Art
pac-man: party royale (2019) [pastagames],Stylization: Cartoon
tiny arcade: pac-man - table top edition (2019) [super impulse],Stylization: Pixel Art
pocket player: pac-man (2019) [my arcade],Stylization: Pixel Art
pac-man (2019) [shiru],Stylization: Pixel Art
pac-man (2019) [paul mcphee],Stylization: Pixel Art
pac-man mega tunnel battle (2020) [ea],Stylization: Pixel Art
pac-man geo (2020) [bandai namco entertainment],Stylization: Pixel Art
pac-man championship edition (2020) [m2],Stylization: Pixel Art
hello kitty pac-man (2020) [bandai namco entertainment],Stylization: Pixel Art
pac-man tamagotchi (2020) [bandai namco entertainment],Stylization: Pixel Art
micro arcade: ms. pac-man (2020) [world's smallest],Stylization: Pixel Art
pac-man tilt (2020) [super impulse],Stylization: Pixel Art
pac-man game keyring (2020) [ea],Stylization: Pixel Art
pac-man desktop arcade (2020) [ea],Stylization: Pixel Art
morinaga pac-man mini (2020) [unknown],Stylization: Pixel Art
sabritas pac-man (2020) [unknown],Stylization: Pixel Art
minecraft: pac-man (2020) [gamemode one],Stylization: Pixel Art
tekken 7: pac-man-themed customization set (2020) [unknown],Realism: Stylized
pac-man live studio (2021) [amazon game studios],Stylization: Pixel Art
"""pareidolia (or, why i saw pac-man everywhere in 2020)"" (2021) [rowan crawford],Stylization: Pixel Art"
pac-man 99 (2021) [arika],Stylization: Pixel Art
arcade archives: pac-man (2021) [namco],Stylization: Pixel Art
pac-man palace: festive folleys (2021) [unknown],Stylization: Cartoon
pac-man giant joystick (2021) [arcade1up],Stylization: Pixel Art
pac-man community (2021) [genvid],Stylization: Pixel Art
pac-man 99: deluxe pack (2021) [unknown],Stylization: Pixel Art
pizza hut arcade: pac-man (2021) [8th wall],Stylization: Cartoon
pac-man sdl (2021) [frogjb],Stylization: Cartoon
pac-man museum+ (2022) [now production],Stylization: Cartoon
arcade archives: super pac-man (2022) [namco],Stylization: Pixel Art
pac-man world re-pac (2022) [now production],Stylization: Cartoon
arcade archives: pac-mania (2022) [namco],Stylization: Cartoon
pac-man doom (2022) [unknown],Stylization: Pixel Art
the pac-man brothers (2022) [thatlefthandman],Stylization: Pixel Art
pac-man in a tin (2023) [ea],Stylization: Pixel Art
pac-man escape (2023) [thirtythree],Stylization: Pixel Art
zx spectrum pac-man arcade (2023) [unknown],Stylization: Pixel Art
pac-man mega tunnel battle: chomp champs (2024) [amber studio],Stylization: Cartoon
donkey kong pac-man crossover (2024) [paul goes],Stylization: Pixel Art
pac-man mega tunnel battle: chomp champs - deluxe edition (2024) [amber studio],Stylization: Cartoon
pac-man mega tunnel battle: chomp champs - namco pals pac (2024) [amber studio],Stylization: Cartoon
pac-man mega tunnel battle: chomp champs - lunar animals pac (2024) [amber studio],Stylization: Cartoon
dig dug (1983) [gakken],Stylization: Pixel Art
dig dug (1983) [unknown],Stylization: Pixel Art
dig dug (1983) [namco],Stylization: Pixel Art
dig dug (1983) [dempa shimbunsha],Stylization: Pixel Art
dig dug (1983) [atari],Stylization: Pixel Art
dig dug (1984) [namcot],Stylization: Pixel Art
dig dug (1984) [dempa shimbunsha],Stylization: Pixel Art
dig dug ii: trouble in paradise (1985) [namco],Stylization: Pixel Art
dig dug (1985) [namcot],Stylization: Pixel Art
dig dug (1985) [dempa shimbunsha],Stylization: Pixel Art
dig dug (1986) [general computer corporation (gcc)],Stylization: Pixel Art
dig dug (1987) [ea],Stylization: Pixel Art
dig dug (1992) [now production],Stylization: Pixel Art
dig dug arrangement (1996) [namco],Stylization: Pixel Art
famicom mini: dig dug (2004) [unknown],Stylization: Pixel Art
dig dug: digging strike (2005) [bullets co. ltd.],Stylization: Pixel Art
dig dug (2005) [handango],Stylization: Pixel Art
namco all-stars: dig dug (2009) [unknown],Stylization: Pixel Art
pocket player: dig dug (2019) [my arcade],Stylization: Pixel Art
dig dug revival (2021) [unknown],Stylization: Pixel Art
donkey kong (1982) [coleco],Stylization: Pixel Art
donkey kong jr. (1982) [nintendo],Stylization: Cartoon
donkey kong (1982) [nintendo],Stylization: Cartoon
donkey kong (1982) [atari],Stylization: Pixel Art
donkey kong jr. math (1983) [nintendo],Stylization: Pixel Art
donkey kong junior (1983) [coleco],Stylization: Pixel Art
donkey kong ii (1983) [nintendo],Stylization: Cartoon
donkey kong (1983) [atari],Stylization: Pixel Art
donkey kong jr. (1983) [nintendo],Stylization: Pixel Art
donkey kong 3: dai gyakushuu (1984) [hudson soft],Stylization: Pixel Art
donkey kong circus (1984) [nintendo],Stylization: Pixel Art
donkey kong 3 (1984) [nintendo],Stylization: Pixel Art
donkey kong junior (1984) [nintendo],Stylization: Pixel Art
donkey kong (1986) [ea],Stylization: Pixel Art
donkey kong classics (1988) [nintendo],Stylization: Pixel Art
donkey kong (1988) [atari],Stylization: Pixel Art
donkey kong junior (1988) [itdc (international technology development corporation)],Stylization: Pixel Art
donkey kong (1994) [nintendo],Stylization: Pixel Art
donkey kong country (1994) [rare],Stylization: Pixel Art
donkey kong country: competition cartridge (1994) [rare],Stylization: Cartoon
donkey kong game watch (1994) [nelsonic industries],Stylization: Pixel Art
donkey kong land (1995) [nintendo],Stylization: Pixel Art
donkey kong country 2: diddy's kong quest (1995) [rare],Stylization: Cartoon
donkey kong land 2 (1996) [nintendo],Stylization: Pixel Art
donkey kong country 3: dixie kong's double trouble! (1996) [rare],Stylization: Cartoon
donkey kong land iii (1997) [nintendo],Stylization: Pixel Art
super donkey kong 2 (1997) [unknown],Stylization: Pixel Art
donkey kong (1997) [million colors],Stylization: Pixel Art
2 in 1: donkey kong 4 + the jungle book 2 (1997) [ea],Stylization: Pixel Art
super donkey kong 3 (1997) [makon soft],Stylization: Pixel Art
nintendo mini classics: donkey kong junior (1998) [nintendo],Stylization: Cartoon
nintendo mini classics: donkey kong (1998) [nintendo],Stylization: Cartoon
donkey kong 64 (1999) [rare],Stylization: Cartoon
super donkey kong 99 (1999) [gamtec],Stylization: Pixel Art
donkey kong 64 lore quiz (1999) [rare],Stylization: Cartoon
donkey kong jr. (1999) [nintendo],Stylization: Pixel Art
super donkey kong 5 (1999) [makon soft],Stylization: Pixel Art
donkey kong gb: dinky kong & dixie kong (2000) [rare],Stylization: Pixel Art
donkey kong country (2000) [rare],Stylization: Pixel Art
donkey kong 5: the journey of over time and space (2001) [sintax],Stylization: Pixel Art
donkey kong racing (2002) [rare],Stylization: Cartoon
donkey kong jr.-e (2002) [nintendo],Stylization: Pixel Art
donkey kong-e (2002) [nintendo],Stylization: Pixel Art
donkey kong (2002) [tose],Stylization: Pixel Art
donkey kong jr. (2002) [tose],Stylization: Pixel Art
donkey kong 3 (2002) [tose],Stylization: Pixel Art
donkey konga (2003) [namco],Stylization: Cartoon
donkey kong country (2003) [rare],Stylization: Pixel Art
donkey kong country: barrel maze (2003) [skyworks technologies],Stylization: Cartoon
donkey kong jungle beat (2004) [nintendo],Stylization: Cartoon
donkey konga 2: hit song parade! (2004) [namco],Stylization: Cartoon
mario vs. donkey kong (2004) [nintendo],Stylization: Pixel Art
classic nes series: donkey kong (2004) [unknown],Stylization: Pixel Art
donkey kong country 2 (2004) [rare],Stylization: Pixel Art
mario vs. donkey kong card e+ (2004) [nst],Stylization: Pixel Art
donkey konga beat (2004) [nintendo],Stylization: Cartoon
donkey konga (2004) [namco],Stylization: Cartoon
donkey konga (2004) [lightmaker],Stylization: Cartoon
donkey konga 3: tabehoudai! haru mogitate 50 kyoku (2005) [namco],Stylization: Cartoon
donkey kong country 3 (2005) [rare],Stylization: Pixel Art
donkey konga 2 (2005) [unknown],Stylization: Cartoon
mario vs. donkey kong 2: march of the minis (2006) [nintendo],Stylization: Cartoon
mario vs. donkey kong 2: march of the minis - cannon kaos (2006) [unknown],Stylization: Cartoon
donkey kong ii: jumpman returns (2006) [jeff kulczycki],Stylization: Pixel Art
donkey kong barrel blast (2007) [paon],Stylization: Cartoon
donkey kong jungle beat (2008) [nintendo],Stylization: Cartoon
mario vs. donkey kong: minis march again! (2009) [unknown],Stylization: Cartoon
game & watch donkey kong jr. (2009) [nintendo],Stylization: Cartoon
donkey kong country returns (2010) [retro studios],Stylization: Cartoon
mario vs. donkey kong: mini-land mayhem! (2010) [nintendo],Stylization: Cartoon
donkey kong: original edition (2010) [nintendo],Stylization: Pixel Art
donkey kong (2010) [paul mcphee],Stylization: Pixel Art
donkey kong craze (2011) [unknown],Stylization: Pixel Art
donkey kong arcade (2011) [carl mueller jr.],Stylization: Pixel Art
donkey kong city (2012) [unknown],Stylization: Pixel Art
mario and donkey kong: minis on the move (2013) [nintendo],Stylization: Cartoon
donkey kong country returns 3d (2013) [unknown],Stylization: Cartoon
donkey kong country 2: brigand barrage (2013) [mattrizzle],Stylization: Pixel Art
donkey kong country: tropical freeze (2014) [retro studios],Stylization: Cartoon
mario vs. donkey kong: tipping stars (2015) [nintendo],Stylization: Cartoon
super donkey kong 64 (2016) [kaze emanuar],Stylization: Cartoon
donkey kong country 2: the lost levels (2016) [lucasrangel],Stylization: Pixel Art
donkey kong: jumpman returns (2016) [big brawler],Stylization: Pixel Art
donkey kong country: boss blitz (2017) [mattrizzle],Stylization: Cartoon
donkey kong 2: the rise of jumpman! (2017) [big brawler],Stylization: Pixel Art
donkey kong christmas remix (2017) [john kowalski],Stylization: Pixel Art
game & watch donkey kong jr (2017) [paul goes],Stylization: Pixel Art
donkey kong country: tropical freeze (2018) [retro studios],Stylization: Cartoon
mario + rabbids kingdom battle: donkey kong adventure (2018) [ubisoft],Stylization: Cartoon
arcade archives: donkey kong (2018) [nintendo],Stylization: Pixel Art
arcade archives: donkey kong jr. (2018) [nintendo],Stylization: Pixel Art
donkey kong country 3: tag team trouble (2018) [l_sky],Stylization: Pixel Art
donkey kong 3: another rise! (2018) [big brawler],Stylization: Pixel Art
arcade archives: donkey kong 3 (2019) [nintendo],Stylization: Pixel Art
dkdc: donkey kong distortion country (2019) [rainbowsprinklez],Stylization: Pixel Art
donkey kong returns (2019) [nintendo],Stylization: Cartoon
banjo-kazooie: donkey kong country (2019) [kurko mods],Stylization: Cartoon
donkey kong redux (2019) [unknown],Stylization: Pixel Art
donkey kong country mania (2020) [hankhill89],Stylization: Cartoon
donkey kong country 2 unveiled (2020) [emptysys],Stylization: Pixel Art
donkey kong into the dark (2020) [paul goes],Stylization: Pixel Art
donkey kong on the run (2020) [paul goes],Stylization: Pixel Art
donkey kong country: pacifist mode (2020) [rainbowsprinklez],Stylization: Pixel Art
donkey kong country: the trilogy (2021) [andré productions],Stylization: Cartoon
donkey kong land: new colors mode (2021) [specialagentape],Stylization: Pixel Art
donkey kong 64: tag anywhere (2021) [isotarge],Stylization: Cartoon
donkey kong barrelpalooza (2021) [paul goes],Stylization: Pixel Art
donkey kong twisted jungle (2021) [paul goes],Stylization: Pixel Art
donkey kong heardle (2022) [unknown],Stylization: Pixel Art
donkey kong 64 randomizer (2022) [2dos],Stylization: Cartoon
donkey kong 4 (2022) [ea],Stylization: Pixel Art
donkey kong land 2: game boy color edition (2022) [specialagentape],Stylization: Pixel Art
donkey kong rndmzr (2022) [paul goes],Stylization: Pixel Art
donkey kong hearthunt (2022) [paul goes],Stylization: Pixel Art
donkey kong accelerate (2023) [paul goes],Stylization: Pixel Art
mario vs. donkey kong (2024) [nintendo],Stylization: Cartoon
zelda ii: the adventure of link (1987) [nintendo],Stylization: Pixel Art
zelda (1989) [nintendo],Stylization: Cartoon
the legend of zelda game watch (1989) [nelsonic industries],Stylization: Cartoon
the legend of zelda: a link to the past (1991) [nintendo],Stylization: Pixel Art
zelda: the wand of gamelon (1993) [animation magic],Stylization: Pixel Art
zelda's adventure (1994) [viridis],Realism: Stylized
bs zelda no densetsu (1995) [nintendo],Stylization: Pixel Art
bs zelda no densetsu map 2 (1995) [nintendo],Stylization: Pixel Art
bs zelda no densetsu: dai-1-wa (1995) [nintendo],Stylization: Pixel Art
pac-man mega tunnel battle: chomp champs - chomp challengers pac (2024) [amber studio],Stylization: Cartoon
crossfire (1975) [atari],Abstraction: Minimalist
gun fight (1975) [taito],Stylization: Pixel Art
mario bobble (1989) [sun],Stylization: Pixel Art
super mario world (1990) [nintendo],Stylization: Pixel Art
super flipper (1975) [chicago coin],Stylization: Pixel Art
cops 'n robbers (1976) [atari],Stylization: Pixel Art
tornado baseball (1976) [dave nutting associates],Abstraction: Minimalist
squash (1976) [general instrument microelectronic],Abstraction: Minimalist
moria (1976) [jim battin],Abstraction: Symbolic
football (1977) [mattel electronics],Abstraction: Symbolic
space invaders (1978) [taito],Stylization: Pixel Art
tournament table (1978) [atari],Abstraction: Minimalist
casino slot machine (1978) [magnavox],Abstraction: Symbolic
alien invaders plus (1978) [unknown],Stylization: Pixel Art
asteroids (1979) [atari],Abstraction: Symbolic
tailgunner (1979) [cinematronics],Abstraction: Symbolic
vs. dr. mario (1990) [nintendo],Stylization: Pixel Art
mario's egg catch game (1990) [s.i.u.],Stylization: Pixel Art
mario bros. vga (1990) [dave sharpless],Stylization: Pixel Art
mario roulette (1991) [nintendo],Stylization: Pixel Art
rogue (1980) [artificial intelligence design],Stylization: Pixel Art
sub wars (1980) [tiger electronics],Abstraction: Symbolic
quatro (1980) [unknown],Abstraction: Symbolic
outer space combat (1980) [interton electronic gmbh],Abstraction: Minimalist
crazy climber (1981) [bandai],Abstraction: Symbolic
frogger (1981) [konami],Stylization: Pixel Art
ultima ii: the revenge of the enchantress (1982) [origin systems],Stylization: Pixel Art
microsoft flight simulator 1.0 (1982) [sublogic],Realism: Stylized
popeye (1982) [nintendo],Stylization: Pixel Art
pole position (1982) [namco],Realism: Stylized
shark! shark! (1982) [mattel electronics],Stylization: Pixel Art
deadline (1982) [infocom],Abstraction: Symbolic
transylvania (1982) [penguin software],Stylization: Illustrative
barrage (1982) [unknown],Abstraction: Symbolic
venetian blinds (1982) [unknown],Realism: Stylized
mario the juggler (1991) [nintendo],Stylization: Cartoon
mario andretti's racing challenge (1991) [distinctive software],Realism: Stylized
andromeda (1982) [unknown],Abstraction: Symbolic
nightflite (1982) [hewson consultants],Abstraction: Symbolic
anti-ballistic-missile (1982) [unknown],Abstraction: Symbolic
super alien (1982) [commodore gmbh],Abstraction: Symbolic
backgammon (1982) [psion],Realism: Stylized
pirate pete (1982) [taito],Stylization: Pixel Art
mario kart wii (2008) [nintendo],Stylization: Cartoon
mario kart wii item-matching game (2008) [extratoxic],Stylization: Cartoon
mario kart wii deluxe (2018) [fjroyet],Stylization: Cartoon
warpitout (1982) [jane veeder],Abstraction: Symbolic
baldur's gate ii: shadows of amn - collectors' edition (2000) [bioware],Realism: Stylized
baldur's gate (2000) [bioware],Realism: Stylized
baldur's gate iii: the black hound (2003) [black isle studios],Realism: Stylized
baldur's gate java game (2004) [unknown],Stylization: Cartoon
baldur's gate compilation (2006) [bioware],Stylization: Cartoon
baldur's gate: enhanced edition (2012) [overhaul games],Realism: Stylized
baldur's gate: enhanced edition - deluxe edition (2013) [ea],Realism: Stylized
baldur's gate: siege of dragonspear (2016) [ea],Stylization: Cartoon
baldur's gate: siege of dragonspear - collector's edition (2016) [overhaul games],Stylization: Cartoon
baldur's gate: siege of dragonspear - digital deluxe edition (2016) [overhaul games],Stylization: Cartoon
baldur's gate: the complete saga (2017) [ea],Stylization: Cartoon
baldur's gate and baldur's gate ii: enhanced editions (2019) [ea],Realism: Stylized
baldur's gate iii (2020) [larian studios],Realism: Stylized
baldur's gate: dark alliance ii (2022) [black isle studios],Realism: Stylized
blood in baldur's gate (2023) [larian studios],Stylization: Illustrative
baldur's gate 3: digital deluxe edition (2023) [larian studios],Realism: Stylized
baldur's gate 3: deluxe edition (2024) [larian studios],Realism: Stylized
idle champions: baldur's gate dynaheir theme pack (2024) [codename entertainment],Stylization: Cartoon
cyberpunk 2077: collector's edition (2020) [cd projekt red],Realism: Photoreal
cyberpunk 2077: edgerunners update (2022) [cd projekt red],Realism: Stylized
cyberpunk 2077: phantom liberty (2023) [cd projekt red],Realism: Photoreal
cyberpunk 2077: 2.0 update (2023) [cd projekt red],Realism: Photoreal
cyberpunk 2077: ultimate edition (2023) [cd projekt red],Realism: Photoreal
the last of us part ii: collector's edition (2020) [naughty dog],Realism: Photoreal
the last of us part ii: special edition (2020) [naughty dog],Realism: Photoreal
the last of us part ii: ellie edition (2020) [naughty dog],Realism: Photoreal
the last of us part ii: grounded update (2020) [naughty dog],Realism: Photoreal
the last of us complete (2025) [naughty dog],Realism: Photoreal
forza horizon: rally (2012) [playground games],Realism: Photoreal
forza horizon - 1000 club expansion pack (2013) [unknown],Realism: Photoreal
forza horizon 2 (2014) [playground games],Realism: Photoreal
forza horizon 2: storm island (2014) [playground games],Realism: Photoreal
forza horizon 2 presents fast & furious (2015) [playground games],Realism: Photoreal
forza horizon 2: 10th anniversary edition (2015) [unknown],Realism: Photoreal
forza horizon 2: porsche expansion (2015) [microsoft studios],Realism: Photoreal
forza horizon 3 (2016) [playground games],Realism: Photoreal
forza horizon 3: blizzard mountain (2016) [playground games],Realism: Photoreal
forza horizon 3: motorsports all-stars car pack (2016) [playground games],Realism: Photoreal
forza horizon 3: porsche car pack (2017) [playground games],Realism: Photoreal
forza horizon 3: hot wheels (2017) [playground games],Realism: Stylized
forza horizon 3: mountain dew car pack (2017) [playground games],Realism: Photoreal
forza horizon 3: hoonigan car pack (2017) [playground games],Realism: Photoreal
forza motorsport 7 and forza horizon 3 bundle (2018) [unknown],Realism: Photoreal
forza horizon 4: ultimate edition (2018) [playground games],Realism: Photoreal
forza horizon 4: deluxe edition (2018) [playground games],Realism: Photoreal
forza horizon 4: fortune island (2018) [playground games],Realism: Photoreal
forza horizon 4: expansions bundle (2018) [playground games],Realism: Photoreal
forza horizon 4: formula drift car pack (2018) [playground games],Realism: Photoreal
forza horizon 4: best of bond car pack (2018) [playground games],Realism: Photoreal
forza horizon 4: vip (2018) [unknown],Realism: Photoreal
forza horizon 4: mitsubishi motors car pack (2019) [playground games],Realism: Photoreal
forza horizon 4: lego speed champions (2019) [playground games],Realism: Stylized
forza horizon 4: barrett-jackson car pack (2019) [playground games],Realism: Photoreal
forza horizon 4: 2019 porsche 911 carrera s (2019) [playground games],Realism: Photoreal
forza horizon 4: icons car pack (2020) [playground games],Realism: Photoreal
forza horizon 4: hot wheels legends car pack (2021) [playground games],Realism: Photoreal
forza horizon 4: 2005 honda nsx-r gt (2021) [playground games],Realism: Photoreal
forza horizon 4: 2018 chevrolet camaro zl1 1le (2021) [unknown],Realism: Photoreal
forza horizon 4: 1966 volkswagen double cab pick-up (2021) [playground games],Realism: Photoreal
forza horizon 4: 2004 vauxhall vx220 (2021) [playground games],Realism: Photoreal
forza horizon 4: 1968 ford mustang gt 2+2 fastback (2021) [playground games],Realism: Photoreal
forza horizon 4: 1967 sunbeam tiger (2021) [playground games],Realism: Photoreal
forza horizon 4: 1979 talbot sunbeam lotus (2021) [playground games],Realism: Photoreal
forza horizon 4: 1977 hoonigan ford gymkhana 10 f-150 (2021) [playground games],Realism: Photoreal
forza horizon 4: 2018 morgan aero gt (2021) [playground games],Realism: Photoreal
forza horizon 4: 1993 hoonigan ford escort cosworth group a (2021) [playground games],Realism: Photoreal
forza horizon 4: 1993 porsche 968 turbo s (2021) [unknown],Realism: Photoreal
forza horizon 4: 2018 aston martin vantage (2021) [playground games],Realism: Photoreal
forza horizon 4: 2019 chevrolet corvette zr1 (2021) [playground games],Realism: Photoreal
forza horizon 4: 1959 porsche 356a coupe (2021) [playground games],Realism: Photoreal
forza horizon 4: 1963 opel kadett a (2021) [playground games],Realism: Photoreal
forza horizon 4: 2002 mazda rx-7 spirit r type-a (2021) [playground games],Realism: Photoreal
forza horizon 4: 1962 triumph tr3b (2021) [playground games],Realism: Photoreal
forza horizon 4: 1970 triumph tr6 pi (2021) [playground games],Realism: Photoreal
forza horizon 4: 2018 nissan sentranismo (2021) [playground games],Realism: Photoreal
forza horizon 4: 2019 bmw i8 roadster (2021) [playground games],Realism: Photoreal
forza horizon 4: 1959 cadillac eldorado biarritz convertible (2021) [playground games],Realism: Photoreal
forza horizon 4: 1974 honda civicrs (2021) [playground games],Realism: Photoreal
forza horizon 5: hot wheels (2022) [playground games],Realism: Stylized
forza horizon 5: 2019 nissan 370z nismo (2022) [playground games],Realism: Photoreal
forza horizon 5: rally adventure (2023) [playground games],Realism: Photoreal
forza horizon 5: summer party (2023) [playground games],Realism: Photoreal
forza horizon 5: italian exotics car pack (2023) [playground games],Realism: Photoreal
forza horizon 5: american automotive car pack (2023) [playground games],Realism: Photoreal
forza horizon 5: fast x car pack (2023) [playground games],Realism: Photoreal
forza horizon 5: chinese lucky stars car pack (2024) [playground games],Realism: Photoreal
forza horizon 5: european automotive car pack (2024) [playground games],Realism: Photoreal
forza horizon 5: acceleration car pack (2024) [playground games],Realism: Photoreal
forza horizon 5: apex allstars car pack (2024) [playground games],Realism: Photoreal
forza horizon 5: hide & seek (2024) [playground games],Realism: Photoreal
forza horizon 5: jdm jewels car pack (2024) [playground games],Realism: Photoreal
forza horizon 5 universal icons car pack (2024) [unknown],Realism: Photoreal
forza horizon 5 nissan heritage car pack (2025) [playground games],Realism: Photoreal
forza horizon 6 (2026) [playground games],Realism: Photoreal
forza horizon 6: deluxe edition (2026) [playground games],Realism: Photoreal
forza horizon 6: premium edition (2026) [playground games],Realism: Photoreal
portal 2: in motion (2011) [unknown],Realism: Stylized
portal 2: peer review (2011) [valve],Realism: Stylized
portal 2 sixense perceptual pack (2013) [sixense],Realism: Stylized
lego dimensions: portal 2 level pack (2015) [traveller's tales],Stylization: Cartoon
portal 2: and the abyss gazes back part 1 (2016) [unknown],Realism: Stylized
teleportal 2 (2023) [unknown],Stylization: Cartoon
portal 2: confinement (2024) [unknown],Realism: Stylized
portal 2: community edition (2026) [ea],Realism: Stylized
the witcher: crimson trail (2007) [ea],Stylization: Pixel Art
the witcher: enhanced edition (2008) [cd projekt red],Realism: Stylized
the witcher: enhanced edition director's cut (2008) [cd projekt red],Realism: Stylized
the witcher: versus (2008) [one2tribe],Realism: Stylized
the witcher: the price of neutrality (2008) [cd projekt red],Realism: Stylized
the witcher: side effects (2008) [cd projekt red],Realism: Stylized
the witcher 2: assassins of kings (2011) [cd projekt red],Realism: Stylized
the witcher 2: assassins of kings - collector's edition (2011) [cd projekt red],Realism: Stylized
the witcher 2: assassins of kings - premium edition (2011) [cd projekt red],Realism: Stylized
the witcher 2: assassins of kings - enhanced edition (2012) [cd projekt red],Realism: Stylized
the witcher 2: assassins of kings - dark edition (2012) [cd projekt red],Realism: Stylized
the witcher: adventure game (2014) [can explode],Stylization: Cartoon
the witcher battle arena (2015) [cd projekt red],Stylization: Cartoon
the witcher 3: wild hunt - hearts of stone (2015) [cd projekt red],Realism: Stylized
the witcher 3: wild hunt - collector's edition (2015) [cd projekt red],Realism: Stylized
the witcher 3: wild hunt - new quest 'contract: skellige's most wanted' (2015) [cd projekt red],Realism: Stylized
the witcher 3: wild hunt - new quest 'where the cat and wolf play...' (2015) [cd projekt red],Realism: Stylized
the witcher 3: wild hunt - new quest 'fool's gold' (2015) [cd projekt red],Realism: Stylized
the witcher 3: wild hunt - new quest 'contract: missing miners' (2015) [cd projekt red],Realism: Stylized
the witcher 3: wild hunt - new quest: scavenger hunt: wolf school gear (2015) [cd projekt red],Realism: Stylized
the witcher 3: wild hunt - blood and wine (2016) [cd projekt red],Realism: Stylized
the witcher 3: wild hunt - game of the year edition (2016) [cd projekt red],Realism: Stylized
the witcher 3: wild hunt - complete edition (2016) [cd projekt red],Realism: Stylized
gwent: the witcher card game (2018) [cd projekt red],Stylization: Illustrative
thronebreaker: the witcher tales (2018) [cd projekt red],Stylization: Illustrative
the witcher 3: wild hunt + dark souls iii (2018) [unknown],Realism: Stylized
the witcher: monster slayer (2021) [spokko],Realism: Stylized
the witcher 3: enhanced edition - redux (2021) [unknown],Realism: Stylized
the witcher 3: wild hunt - free next-gen update (2022) [cd projekt red],Realism: Stylized
reigns: the witcher (2026) [nerial],Stylization: Cartoon
team fortress (1996) [ea],Realism: Stylized
team fortress classic (1999) [valve],Realism: Stylized
team fortress 2: a heavy update (2008) [valve],Stylization: Cartoon
team fortress 2: the scout update (2009) [valve],Stylization: Cartoon
team fortress 2: the first ever classless update (2009) [valve],Stylization: Cartoon
team fortress 2: the second annu-hell scream fortress hauntdead halloween special (2010) [valve],Stylization: Cartoon
team fortress 2 arcade (2011) [eric ruth games],Stylization: Cartoon
team fortress 2: mann vs. machine (2012) [valve],Stylization: Cartoon
team fortress 2: the gun mettle update (2015) [valve],Stylization: Cartoon
team fortress 2: the tough break update (2015) [valve],Stylization: Cartoon
team fortress 2: meet your match (2016) [valve],Stylization: Cartoon
team fortress 2 vintage (2017) [unknown],Stylization: Cartoon
team fortress 2 classic: death & taxes (2020) [unknown],Stylization: Cartoon
evil genius 2: world domination - team fortress 2: pyro pack (2021) [unknown],Stylization: Cartoon
team fortress 2 classic: fight or flight (2023) [unknown],Stylization: Cartoon
funko fusion: team fortress 2 pack (2024) [10:10 games],Stylization: Cartoon
team fortress 2: gold rush (2025) [unknown],Stylization: Cartoon
machinarium (2009) [amanita design],Stylization: Illustrative
machinarium: collector's edition (2010) [amanita design],Stylization: Illustrative
machinarium & creaks bundle (2020) [unknown],Stylization: Illustrative
don't starve (2013) [klei entertainment],Stylization: Illustrative
don't starve: giant edition (2014) [klei entertainment],Stylization: Illustrative
don't starve: reign of giants (2014) [klei entertainment],Stylization: Illustrative
don't starve: console edition (2014) [klei entertainment],Stylization: Illustrative
don't starve: reign of giants console edition (2014) [klei entertainment],Stylization: Illustrative
don't starve: pocket edition (2015) [klei entertainment],Stylization: Illustrative
don't starve: shipwrecked (2015) [capybara games],Stylization: Illustrative
don't starve together (2016) [klei entertainment],Stylization: Illustrative
don't starve together: console edition (2016) [klei entertainment],Stylization: Illustrative
don't starve: shipwrecked - console edition (2016) [capybara games],Stylization: Illustrative
don't starve: giant edition + shipwrecked expansion (2016) [unknown],Stylization: Illustrative
don't starve: nintendo switch edition (2018) [klei entertainment],Stylization: Illustrative
don't starve: hamlet (2018) [klei entertainment],Stylization: Illustrative
don't starve alone pack plus (2018) [unknown],Stylization: Illustrative
don't starve: hamlet - console edition (2020) [klei entertainment],Stylization: Illustrative
don't starve mega pack 2020 (2020) [klei entertainment],Stylization: Illustrative
don't starve together: starter pack 2024 (2023) [unknown],Stylization: Illustrative
"""don't starve together: merrymaker survivors chest, part iii"" (2024) [unknown],Stylization: Illustrative"
don't starve together: starter pack 2025 (2024) [klei entertainment],Stylization: Illustrative
stardew valley: collector's edition (2017) [concernedape],Stylization: Pixel Art
undertale red (2015) [taxiderby],Stylization: Pixel Art
undertale: chara boss fight (2016) [snowthefox],Stylization: Pixel Art
undertale 3d (2016) [unknown],Stylization: Cartoon
undertale: disbelief (2018) [flamesatgames],Stylization: Pixel Art
undertale: mad mew mew port (2018) [ea],Stylization: Pixel Art
undertale patience (2018) [the_senti_master],Stylization: Pixel Art
undertale last breath (2019) [unknown],Stylization: Pixel Art
is this undertale (2019) [unknown],Stylization: Pixel Art
groove coaster: wai wai party!!!! - undertale pack (2019) [unknown],Stylization: Pixel Art
undertale together (2020) [depa31],Stylization: Pixel Art
undertale: no more deals (2020) [avranik],Stylization: Pixel Art
undertale 2 (2021) [zizou],Stylization: Pixel Art
undertale: bits and pieces (2021) [unknown],Stylization: Pixel Art
undertale: gameboy edition (2021) [loganvcairns],Stylization: Pixel Art
undertale tag (2022) [unknown],Stylization: Pixel Art
undertale gameboy demake (2022) [the chronomaniac],Stylization: Pixel Art
undertale yellow (2023) [ea],Stylization: Pixel Art
undertale: promised. (2023) [ea],Stylization: Pixel Art
drums rock: undertale - 'megalovania' (2023) [garage51],Stylization: Pixel Art
drums rock: undertale - 'hopes and dreams' (2023) [garage51],Stylization: Cartoon
undertale: bits and pieces together (2023) [thechipthatislit],Stylization: Pixel Art
undertale: the otherground (2023) [unknown],Stylization: Pixel Art
undertale: remembering the genocides (2023) [unknown],Stylization: Pixel Art
gundertale (2023) [ghost2357568],Stylization: Pixel Art
undertale red & yellow (2024) [shinix],Stylization: Pixel Art
the obligatory undertale yellow sans fight (2024) [saltylily],Stylization: Pixel Art
undertale yellow: dual (2024) [geno],Stylization: Pixel Art
undertale: act to flirt (2024) [zirkkun],Stylization: Cartoon
undertale yellow but blue (2024) [monngo],Stylization: Pixel Art
undertale green: the pre-show (2024) [unknown],Stylization: Pixel Art
undertale together: next soul (2024) [angelapuzzle],Stylization: Cartoon
undertale yellow: shades of justice (2024) [zendertroop],Stylization: Pixel Art
trombone champ: unflattened! - undertale + deltarune song pack (2025) [unknown],Stylization: Cartoon
undertale 10th anniversary (2025) [tobyfox],Stylization: Pixel Art
trombone champ: undertale + deltarune (2025) [holy wow studios],Stylization: Cartoon
undertaleforfree (2026) [unknown],Stylization: Pixel Art
rift of the necrodancer: undertale music pack (2026) [brace yourself games],Stylization: Pixel Art
"rift of the necrodancer: undertale - ""spider dance"" - toby fox (2026) [unknown],Stylization: Cartoon"
it takes two (2021) [hazelight studios],Stylization: Material-Based
samorost (2003) [amanita design],Stylization: Material-Based
samorost 2 (2005) [amanita design],Stylization: Material-Based
samorost 3 (2016) [amanita design],Stylization: Material-Based
samorost 3: cosmic edition (2016) [amanita design],Stylization: Material-Based
samorost 1 (2021) [amanita design],Stylization: Material-Based
superhot prototype (2013) [ea],Abstraction: Minimalist
superhot (2016) [ea],Abstraction: Minimalist
superhot vr (2016) [ea],Abstraction: Minimalist
superhot: mind control delete (2017) [ea],Abstraction: Minimalist
superhot quake (2017) [unknown],Abstraction: Minimalist
superhotline miami deluxe (2018) [unknown],Stylization: Pixel Art
superhot: one of us bundle (2020) [ea],Abstraction: Minimalist
voxelmaker (2015) [unknown],Stylization: Pixel Art
voxelcity (2015) [unknown],Stylization: Pixel Art
voxelized (2017) [unknown],Stylization: Cartoon
voxelaxy (2017) [unknown],Stylization: Pixel Art
thomas was alone (2012) [bithell games],Abstraction: Symbolic
ōkami (2006) [clover studio],Stylization: Illustrative
"ōkamiden (2010) [""mobile & game studio, inc.""],Stylization: Illustrative"
ōkami hd (2012) [capcom],Stylization: Illustrative
aoki ookami to shiroki mejika (1985) [koei],Abstraction: Symbolic
dark echo (2015) [rac7 games],Abstraction: Symbolic
luminaria: dark echoes (2023) [enthariel games],Stylization: Illustrative
flimbo's quest (1990) [unknown],Stylization: Pixel Art
limbo of the lost (2007) [majestic studios],Realism: Stylized
limbo (2010) [ea],Abstraction: Minimalist
limbo (2012) [fg7],Stylization: Pixel Art
i contemplated the sun of limbo (2014) [titouan millet],Abstraction: Symbolic
touhou shinpiroku: urban legend in limbo. (2015) [ea],Stylization: Cartoon
inside & limbo bundle (2016) [ea],Abstraction: Minimalist
touhou shinpiroku: urban legend in limbo. (2016) [ea],Stylization: Cartoon
depths of limbo (2017) [evgis],Stylization: Pixel Art
limbo 64 (2018) [søren trautner madsen],Stylization: Pixel Art
the hitchhiker's guide to the galaxy (1984) [infocom],Abstraction: Symbolic
super mario odyssey (2017) [nintendo],Stylization: Cartoon
super mario odyssey 64 (2020) [kaze emanuar],Stylization: Cartoon
super mario odyssey safari (2020) [qw2],Stylization: Pixel Art
super mario odyssey: yoshi star kingdom (2021) [amethyst-szs],Stylization: Cartoon
super mario odyssey online (2022) [craftyboss],Stylization: Cartoon
super mario odyssey: 2d mario in 3d! (2022) [amethyst-szs],Stylization: Cartoon
super mario odyssey f.l.u.d.d. (2023) [justkant8],Stylization: Cartoon
super mario odyssey: kaizo mode (2024) [redslay9],Stylization: Cartoon
super mario odyssey: google translated (2024) [umm12many],Stylization: Cartoon
super mario odyssey manhunt (2024) [hesmakka],Stylization: Cartoon
super mario odyssey: fluffy bluff kingdom (2025) [slycer_music],Stylization: Cartoon
clair obscur: expedition 33 (2025) [sandfall interactive],Realism: Stylized
clair obscur: expedition 33 – deluxe edition (2025) [sandfall interactive],Realism: Stylized
clair obscur: expedition 33 - thank you update (2025) [sandfall interactive],Realism: Stylized
pursuit (1975) [kee games],Abstraction: Minimalist
super breakout (1978) [atari],Abstraction: Minimalist
codebreaker (1978) [unknown],Abstraction: Symbolic
ball (1980) [nintendo],Stylization: Cartoon
ultima (1981) [unknown],Abstraction: Symbolic
super breakout (1981) [atari],Abstraction: Symbolic
super mario world (1991) [nelsonic industries],Stylization: Cartoon
super mario world: mario to yoshi no bouken land (1991) [bandai],Stylization: Cartoon
super mario land 2: 6 golden coins (1992) [nintendo],Stylization: Pixel Art
pole position ii (1983) [namco],Realism: Stylized
commandos: beyond the call of duty (1999) [pyro studios],Realism: Stylized
fifa international soccer (1993) [extended play productions],Stylization: Pixel Art
fifa soccer 95 (1994) [unknown],Stylization: Pixel Art
fifa international soccer (1994) [extended play productions],Stylization: Pixel Art
fifa international soccer (1994) [unknown],Stylization: Pixel Art
look outside (2024) [francis coulombe],Stylization: Pixel Art
look outside: final vision (2025) [francis coulombe],Stylization: Pixel Art
hollow knight (2017) [ea],Stylization: Illustrative
hollow knight: the grimm troupe (2017) [ea],Stylization: Illustrative
hollow knight: hidden dreams (2017) [ea],Stylization: Illustrative
hollow knight: godmaster (2018) [ea],Stylization: Illustrative
hollow knight: lifeblood (2018) [ea],Stylization: Illustrative
hollow knight: collector's edition (2019) [ea],Stylization: Illustrative
hollow knight gun mod (2020) [unknown],Stylization: Illustrative
hollow knight multiplayer (2021) [unknown],Stylization: Illustrative
hollow knight silksong (2021) [elvies],Stylization: Pixel Art
hollow knight randomizer (2022) [unknown],Stylization: Illustrative
hollow knight (2023) [unknown],Stylization: Illustrative
hollow knight: silksong (2025) [ea],Stylization: Illustrative
doom ii: deltarune companions - susie and ralsei (2020) [unknown],Stylization: Pixel Art
deltarune sakuya battle (2020) [unknown],Stylization: Pixel Art
deltarune - spamton restitched (2022) [ea],Stylization: Pixel Art
deltarune: a different snowgrave (2022) [loganvcairns],Stylization: Pixel Art
alan wake: the signal (2010) [nitro games],Realism: Stylized
alan wake: the writer (2010) [remedy entertainment],Realism: Stylized
alan wake: limited collector's edition (2010) [remedy entertainment],Realism: Stylized
alan wake's american nightmare (2012) [remedy entertainment],Realism: Stylized
alan wake remastered (2021) [remedy entertainment],Realism: Stylized
alan wake ii: the final draft (2023) [remedy entertainment],Realism: Stylized
alan wake ii: deluxe upgrade (2023) [remedy entertainment],Realism: Stylized
alan wake ii: night springs (2024) [remedy entertainment],Realism: Stylized
alan wake ii: the lake house (2024) [remedy entertainment],Realism: Stylized
dead by daylight: alan wake chapter (2024) [unknown],Realism: Stylized
shades (1985) [unknown],Stylization: Pixel Art
yami no ryuuou hadesu no monshou (1986) [casio],Stylization: Pixel Art
hades ii (2024) [supergiant games],Stylization: Illustrative
elden ring (2022) [fromsoftware],Realism: Stylized
elden ring: collector's edition (2022) [fromsoftware],Realism: Stylized
elden ring: launch edition (2022) [fromsoftware],Realism: Stylized
elden ring: deluxe edition (2022) [fromsoftware],Realism: Stylized
elden ring: ascended (2022) [unknown],Realism: Stylized
elden ring: dark moon (2022) [unknown],Realism: Stylized
elden ring: shadow of the erdtree (2024) [fromsoftware],Realism: Stylized
elden ring: shadow of the erdtree edition (2024) [fromsoftware],Realism: Stylized
elden ring: shadow of the erdtree deluxe edition (2024) [fromsoftware],Realism: Stylized
elden ring: shadow of the erdtree - collector's edition (2024) [fromsoftware],Realism: Stylized
elden ring: shadow of the erdtree - premium bundle (2024) [fromsoftware],Realism: Stylized
elden ring nightreign (2025) [fromsoftware],Realism: Stylized
elden ring: nightreign - deluxe edition (2025) [fromsoftware],Realism: Stylized
elden ring: nightreign - collector's edition (2025) [fromsoftware],Realism: Stylized
elden ring: nightreign - the forsaken hollows (2025) [fromsoftware],Realism: Stylized
resident evil 7 teaser: beginning hour (2016) [capcom],Realism: Photoreal
blair witch volume 1: rustin parr (2000) [ea],Realism: Stylized
blair witch volume 2: the legend of coffin rock (2000) [ea],Realism: Stylized
blair witch volume 3: the elly kedward tale (2000) [ritual entertainment],Realism: Stylized
blair witch: deluxe edition (2019) [ea],Realism: Photoreal
blair witch: limited edition (2019) [ea],Realism: Photoreal
blair witch vr (2021) [ea],Realism: Photoreal
crusaders: thy kingdom come (2008) [neocoregames],Realism: Stylized
terraria: thorium mod (2014) [unknown],Stylization: Pixel Art
terraria: calamity mod (2016) [unknown],Stylization: Pixel Art
terraria: fargo's souls mod (2016) [unknown],Stylization: Pixel Art
terrariacraft (2016) [unknown],Stylization: Pixel Art
terraria: mod of redemption (2017) [unknown],Stylization: Pixel Art
dragon ball (1986) [tose],Stylization: Pixel Art
dragon ball: dragon daihikyou (1986) [epoch],Stylization: Pixel Art
dragon ball: daimaou fukkatsu (1988) [tose],Stylization: Pixel Art
dragon ball 3: goku-den (1989) [tose],Stylization: Pixel Art
dragon ball z: kyoushuu! saiya-jin (1990) [tose],Stylization: Pixel Art
dragon ball z ii: gekishin frieza!! (1991) [tose],Stylization: Pixel Art
dragon ball z: gekitou tenkaichi budoukai (1992) [tose],Stylization: Pixel Art
dragon ball z: super saiya densetsu (1992) [tose],Stylization: Pixel Art
dragon ball z iii: ressen jinzou ningen (1992) [tose],Stylization: Pixel Art
dragon ball z: atsumare! goku's world (1992) [bandai],Stylization: Cartoon
dragon ball z: super butouden (1993) [tose],Stylization: Pixel Art
dragon ball z: super butouden 2 (1993) [tose],Stylization: Pixel Art
dragon ball z (1993) [banpresto],Stylization: Pixel Art
dragon ball z gaiden: saiya-jin zetsumetsu keikaku (1993) [tose],Stylization: Pixel Art
dragon ball z: buyuu retsuden (1994) [tose],Stylization: Pixel Art
dragon ball z: super butouden 3 (1994) [tose],Stylization: Pixel Art
red dead redemption (2010) [rockstar north],Realism: Photoreal
red dead redemption: undead nightmare (2010) [rockstar north],Realism: Photoreal
red dead redemption: legends and killers (2010) [unknown],Realism: Photoreal
red dead redemption: outlaws to the end (2010) [unknown],Realism: Photoreal
red dead redemption: undead nightmare collection (2010) [rockstar games],Realism: Photoreal
red dead redemption: liars and cheats (2010) [unknown],Realism: Photoreal
red dead redemption: gunslingers (2010) [rockstar games],Realism: Photoreal
red dead redemption: game of the year edition (2011) [rockstar san diego],Realism: Photoreal
red dead redemption: myths and mavericks (2011) [unknown],Realism: Photoreal
red dead redemption 2: special edition (2018) [unknown],Realism: Photoreal
red dead redemption ii: ultimate edition (2018) [rockstar games],Realism: Photoreal
red dead redemption (2023) [rockstar games],Realism: Photoreal
red dead redemption: undead nightmare (2023) [rockstar games],Realism: Photoreal
red dead redemption & red dead redemption 2 bundle (2023) [unknown],Realism: Photoreal
crash bandicoot and the retro dimension (2025) [bandicoot],Stylization: Pixel Art
crash bandicoot 2: n-tranced (2003) [vicarious visions],Stylization: Pixel Art
crash superpack: crash bandicoot 2: n-tranced / crash nitro kart (2005) [vicarious visions],Stylization: Pixel Art
super mario kart (1992) [nintendo],Stylization: Pixel Art
activision prototype #1 (1982) [unknown],Abstraction: Minimalist
the activision decathlon (1983) [activision],Stylization: Pixel Art
a collection of activision classic games for the atari 2600 (1998) [gray matter],Stylization: Pixel Art
checkers (1980) [activision],Stylization: Pixel Art
fishing derby (1980) [activision],Stylization: Pixel Art
dragster (1980) [activision],Stylization: Pixel Art
stampede (1981) [activision],Stylization: Pixel Art
kaboom! (1981) [activision],Stylization: Pixel Art
laser blast (1981) [activision],Stylization: Pixel Art
freeway (1981) [activision],Stylization: Pixel Art
ice hockey (1981) [activision],Stylization: Pixel Art
tennis (1981) [activision],Stylization: Pixel Art
pitfall! (1982) [activision],Stylization: Pixel Art
river raid (1982) [activision],Stylization: Pixel Art
megamania (1982) [activision],Stylization: Pixel Art
barnstorming (1982) [activision],Stylization: Pixel Art
counter-strike 2 (2023) [valve],Realism: Photoreal
doom eternal (2020) [id software],Realism: Stylized
doom eternal: the ancient gods - part one (2020) [id software],Realism: Stylized
doom eternal: the rip and tear pack (2020) [id software],Realism: Stylized
doom eternal: year one pass (2020) [id software],Realism: Stylized
doom eternal: the ancient gods - part two (2021) [id software],Realism: Stylized
left 4 dead 2 (2009) [turtle rock studios],Realism: Stylized
left 4 dead: crash course (2009) [unknown],Realism: Stylized
left 4 dead: game of the year edition (2009) [valve],Realism: Stylized
left 4 dead 2: the sacrifice (2010) [unknown],Realism: Stylized
left 4 dead 2: the passing (2010) [turtle rock studios],Realism: Stylized
left 4 dead 2: alien trilogy (2011) [unknown],Realism: Stylized
left 4 dead 2: cold stream (2012) [unknown],Realism: Stylized
left 4 dead 2: the last stand (2020) [ea],Realism: Stylized
zombie army 4: dead war - left 4 dead bundle (2022) [unknown],Realism: Stylized
batalyx (1985) [llamasoft ltd],Stylization: Pixel Art
half-life: alyx (2020) [valve],Realism: Photoreal
half-life: alyx - levitation (2022) [corey laddo],Realism: Photoreal
calyx (2026) [unknown],Stylization: Cartoon
xcom: enemy unknown (2012) [firaxis games],Realism: Stylized
xcom: enemy unknown - slingshot pack (2012) [firaxis games],Realism: Stylized
xcom: enemy unknown - elite soldier pack (2012) [ea],Realism: Stylized
xcom: enemy within (2013) [firaxis games],Realism: Stylized
the bureau: xcom declassified - codebreakers (2013) [2k marin],Realism: Stylized
the bureau: xcom declassified - hangar 6 r&d (2013) [2k marin],Realism: Stylized
xcom: enemy unknown - elite edition (2013) [firaxis games],Realism: Stylized
xcom: enemy unknown - the complete edition (2014) [firaxis games],Realism: Stylized
openxcom (2014) [unknown],Realism: Stylized
xcom 2: anarchy's children (2016) [unknown],Realism: Stylized
xcom 2: alien hunters (2016) [unknown],Realism: Stylized
xcom 2: shen's last gift (2016) [firaxis games],Realism: Stylized
xcom 2: deluxe edition (2016) [unknown],Realism: Stylized
xcom 2: digital deluxe edition (2016) [unknown],Realism: Stylized
xcom: enemy unknown plus (2016) [unknown],Realism: Stylized
xcom 2: resistance warrior pack (2016) [unknown],Realism: Stylized
xcom 2: reinforcement pack (2016) [firaxis games],Realism: Stylized
xcom 2: war of the chosen (2017) [firaxis games],Realism: Stylized
xcom 2 collection (2018) [firaxis games],Realism: Stylized
xcom 2: war of the chosen - tactical legacy pack (2018) [firaxis games],Realism: Stylized
xcom: chimera squad (2020) [firaxis games],Realism: Stylized
xcom legends (2021) [unknown],Realism: Stylized
excommunicated (2024) [unknown],Stylization: Pixel Art
excommunication (2025) [magicalelf],Stylization: Pixel Art
profezia (1991) [trecision s.p.a.],Stylization: Pixel Art
fez pocket edition (2017) [unknown],Stylization: Pixel Art
lifez - survival (2018) [unknown],Realism: Stylized
safezonevr (2021) [will codes],Realism: Photoreal
feztal (2021) [unknown],Stylization: Pixel Art
math party fezgugel (2025) [unknown],Stylization: Cartoon
max payne: kung fu edition v3 (2003) [killerwhale],Realism: Photoreal
max payne (2003) [möbius entertainment],Realism: Stylized
max payne@university (2006) [unknown],Realism: Stylized
max payne bundle (2008) [remedy entertainment],Realism: Stylized
max payne 2: mona the assassin (2009) [unknown],Realism: Photoreal
max payne 3: special edition (2012) [rockstar games],Realism: Photoreal
max payne 3: the complete edition (2012) [rockstar games],Realism: Photoreal
max payne mobile (2012) [rockstar games],Realism: Photoreal
sonic.exe: dark souls (2018) [lordkooner],Stylization: Pixel Art
sonic.exe: dark souls remake (2025) [lordkooner],Stylization: Pixel Art
prince of persia (1989) [brøderbund software],Stylization: Pixel Art
prince of persia (1990) [brøderbund software],Stylization: Pixel Art
prince of persia (1991) [brøderbund software],Stylization: Pixel Art
prince of persia (1992) [brøderbund software],Stylization: Pixel Art
prince of persia (1992) [virgin games],Stylization: Pixel Art
prince of persia 2: the shadow and the flame (1993) [brøderbund software],Stylization: Pixel Art
prince of persia (1994) [brøderbund software],Stylization: Pixel Art
4d prince of persia (1994) [unknown],Stylization: Pixel Art
prince of persia 3d (1999) [red orb entertainment],Realism: Stylized
prince of persia (1999) [unknown],Stylization: Pixel Art
prince of persia: arabian nights (2000) [avalanche software],Realism: Stylized
prince of persia: the sands of time (2003) [ubisoft],Realism: Stylized
prince of persia: harem adventures (2003) [gameloft],Stylization: Pixel Art
prince of persia: warrior within (2004) [ubisoft],Realism: Stylized
prince of persia: the sands of time (2004) [gameloft],Stylization: Pixel Art
the walking dead: assault (2012) [unknown],Stylization: Illustrative
the walking dead: the complete first season (2012) [telltale games],Stylization: Illustrative
horizon zero dawn (2017) [guerrilla games],Realism: Stylized
horizon zero dawn: the frozen wilds (2017) [guerrilla games],Realism: Stylized
horizon zero dawn: collector's edition (2017) [guerrilla games],Realism: Stylized
horizon zero dawn: complete edition (2017) [guerrilla games],Realism: Stylized
horizon zero dawn: limited edition (2017) [guerrilla games],Realism: Stylized
super hexagon (2012) [distractionware],Abstraction: Symbolic
superliminal (2019) [pillow castle games],Realism: Stylized
bega's battle (1983) [ea],Stylization: Illustrative
night trap (1992) [digital pictures],Realism: Photoreal
night trap (1995) [digital pictures],Realism: Photoreal
night trap: 25th anniversary edition (2017) [digital pictures],Realism: Photoreal
dragon's lair (1990) [motivetime ltd.],Stylization: Pixel Art
dragon's lair ii: time warp (1991) [ea],Stylization: Illustrative
dragon's lair: the legend (1991) [elite systems],Stylization: Pixel Art
dragon's lair iii: the curse of mordread (1992) [ea],Stylization: Pixel Art
dragon's lair (1992) [motivetime ltd.],Stylization: Pixel Art
dragon's lair (1993) [motivetime ltd.],Stylization: Pixel Art
dragon's lair 3d: return to the lair (2002) [dragonstone software],Stylization: Cartoon
dragon's lair trilogy (2010) [digital leisure],Stylization: Illustrative
dragon's lair: daring edition (2013) [advanced microcomputer systems],Stylization: Illustrative
dragon's lair (2013) [unknown],Stylization: Illustrative
minion masters: frost dragon's lair (2022) [betadwarf],Stylization: Illustrative
cliff hanger (1983) [stern electronics],Stylization: Illustrative
kidou senshi gundam part 1: gundam daishi ni tatsu (1983) [rapport],Stylization: Pixel Art
lolita 2 (1983) [unknown],Stylization: Pixel Art
mio no mystery adventure (1983) [systemsoft],Stylization: Illustrative
gabrielle (1987) [ubisoft],Stylization: Pixel Art
the tower of druaga (1984) [namco],Stylization: Pixel Art
la chose de grotemburg (1987) [ubisoft],Stylization: Pixel Art
pick 'n pile (1990) [ubisoft],Stylization: Pixel Art
rayman (1995) [ubisoft],Stylization: Pixel Art
kiyeko and the lost night (1996) [ubisoft],Stylization: Cartoon
monaco grand prix (1998) [ubisoft],Realism: Stylized
speed busters: american highways (1998) [ubisoft],Realism: Stylized
laura's happy adventures (1998) [ubisoft],Stylization: Cartoon
d. jump (1998) [ubisoft],Stylization: Cartoon
rayman 2: the great escape (1999) [ubisoft],Stylization: Cartoon
tonic trouble (1999) [ubisoft],Stylization: Cartoon
alex builds his farm (1999) [ubisoft],Stylization: Cartoon
tom clancy's elite squad (2020) [ubisoft],Stylization: Cartoon
cobra command (1984) [ea],Stylization: Illustrative
mickey's space adventure (1984) [sierra on-line],Stylization: Pixel Art
the amazing spider-man rescue (1978) [unknown],Stylization: Illustrative
spider-man (1982) [atari],Abstraction: Minimalist
questprobe featuring spider-man (1984) [adventure international],Stylization: Pixel Art
the amazing spider-man and captain america in dr. doom's revenge! (1989) [paragon software corporation],Stylization: Pixel Art
the amazing spider-man (1990) [oxford digital enterprises ltd.],Stylization: Pixel Art
the amazing spider-man (1990) [rare],Stylization: Pixel Art
the amazing spider-man vs. the kingpin (1991) [technopop],Stylization: Pixel Art
spider-man: the video game (1991) [sega],Stylization: Pixel Art
marvel spider-man (1991) [tiger electronics],Stylization: Pixel Art
donald duck's playground (1984) [sierra entertainment],Stylization: Pixel Art
marvel land (1989) [namco],Stylization: Pixel Art
danger mouse in double trouble (1984) [unknown],Stylization: Pixel Art
danger mouse in the black forest chateau (1984) [unknown],Stylization: Pixel Art
revenge of the ninja (1984) [ea],Stylization: Illustrative
karate champ (1984) [technos japan],Stylization: Pixel Art
zarth (1984) [unknown],Stylization: Pixel Art
winnie the pooh in the hundred acre wood (1984) [sierra entertainment],Stylization: Pixel Art
marvel comics: x-men (1991) [tiger electronics],Stylization: Illustrative
dota 2 (2013) [valve],Stylization: Cartoon
teamfight tactics (2019) [riot games],Stylization: Cartoon
teamfight tactics: cyber city (2025) [riot games],Stylization: Cartoon
crimson desert (2026) [ea],Realism: Photoreal
crimson desert: deluxe edition (2026) [ea],Realism: Photoreal
chained together (2024) [anegar games],Realism: Stylized
ea sports (2004) [ea],Realism: Photoreal
ea sports active (2009) [ea],Realism: Stylized
split fiction (2025) [hazelight studios],Realism: Stylized
split fiction: friend's pass (2025) [hazelight studios],Realism: Stylized
palworld: pokémon mod (2024) [toastedshoes],Stylization: Cartoon
power washer hero (2021) [unknown],Stylization: Cartoon
occultism interrogation: the ritual of little nightmares (2021) [unknown],Stylization: Illustrative
very little nightmares (2019) [alike studio],Stylization: Illustrative
pikmin 4 (2023) [eighting],Stylization: Material-Based
sackboy: a big adventure (2020) [sumo digital],Stylization: Material-Based
sackboy: a big adventure – emotions emote pack (2024) [unknown],Stylization: Material-Based
sackboy: a big adventure - astro bot costume (2024) [unknown],Stylization: Material-Based
you're grounded! (2015) [unknown],Stylization: Cartoon
ungrounded: ripple unleashed vr (2017) [unknown],Stylization: Cartoon
ungrounded (2017) [sg],Abstraction: Symbolic
grounded (2020) [obsidian entertainment],Stylization: Cartoon
out of words (2026) [kong orange],Stylization: Material-Based
harold halibut (2024) [slow bros.],Stylization: Material-Based
the dark eye (1995) [inscape],Stylization: Material-Based
the dream machine: chapter 3 (2012) [cockroach inc.],Stylization: Material-Based
the dream machine: chapter 4 (2013) [cockroach inc.],Stylization: Material-Based
the dream machine: chapter 5 (2014) [cockroach inc.],Stylization: Material-Based
the dream machine: chapter 6 (2017) [cockroach inc.],Stylization: Material-Based
12 locks: plasticine room (2019) [rud present],Stylization: Material-Based
floogen (2022) [unknown],Stylization: Material-Based
dominique pamplemousse (2013) [squinky],Stylization: Material-Based
"dominique pamplemousse & dominique pamplemousse in ""combinatorial explosion"" (2017) [squinky]",Stylization: Material-Based
the midnight walk (2025) [moonhood],Stylization: Material-Based
feltopia (2026) [unknown],Stylization: Material-Based
the children of clay (2024) [balazs ronyai],Stylization: Material-Based
claybook (2018) [second order],Stylization: Material-Based
paperklay (2025) [whykev],Stylization: Material-Based
paper mario (2000) [intelligent systems],Stylization: Cartoon
paper mario world (2003) [dj yoshiman],Stylization: Pixel Art
paper cut mansion (2022) [space lizard studio],Stylization: Material-Based
minagara oreru ds origami (2007) [tdk],Stylization: Cartoon
origami flight (2019) [whalesoft entertainment],Stylization: Material-Based
paper mario: the origami king (2020) [intelligent systems],Stylization: Material-Based
paper mario: the origami king refolded (2021) [ea],Stylization: Material-Based
origami paradise (2022) [unknown],Stylization: Material-Based
origami lovers (2023) [unknown],Stylization: Material-Based
yorigami market (2023) [uuzan],Stylization: Cartoon
origami solutions (2023) [roomah gaming],Realism: Stylized
origami treasure (2024) [unknown],Stylization: Pixel Art
papetura (2021) [petums],Stylization: Material-Based
papetura: craft edition (2024) [petums],Stylization: Material-Based
pole position (1982) [bandai namco],Realism: Stylized
pole position ii (1983) [bandai namco],Realism: Stylized
the tower of druaga (1984) [bandai namco],Stylization: Pixel Art
trainstation: game on rails (2015) [pixel federation],Stylization: Cartoon
galactic junk league (2016) [pixel federation],Stylization: Cartoon
colab (2016) [pixel federation],Realism: Stylized
emporea (2016) [pixel federation],Stylization: Illustrative
diggy's adventure (2016) [pixel federation],Stylization: Cartoon
train station 2 (2019) [pixel federation],Stylization: Cartoon
puzzle adventure (2022) [pixel federation],Stylization: Cartoon
arma: armed assault (2006) [bohemia interactive],Realism: Photoreal
pat & mat (2009) [bohemia interactive],Stylization: Material-Based
arma 2: british armed forces (2010) [bohemia interactive studio],Realism: Photoreal
alternativa (2010) [bohemia interactive],Realism: Stylized
arma: cold war assault (2011) [bohemia interactive studio],Realism: Photoreal
take on helicopters (2011) [bohemia interactive],Realism: Photoreal
arma x: anniversary edition (2011) [bohemia interactive],Realism: Photoreal
arma 2: reinforcements (2011) [bohemia interactive studio],Realism: Photoreal
arma 2: free (2011) [bohemia interactive],Realism: Photoreal
carrier command: gaea mission (2012) [bohemia interactive studio],Realism: Stylized
take on helicopters: rearmed (2012) [bohemia interactive],Realism: Photoreal
arma 2: army of the czech republic (2012) [bohemia interactive],Realism: Photoreal
ylands (2017) [bohemia interactive],Stylization: Cartoon
skylands (2017) [unknown],Abstraction: Minimalist
the sunnylands (2018) [q-nova],Stylization: Pixel Art
ylands: exploration pack (2019) [unknown],Stylization: Cartoon
black skylands: origins (2020) [hungry couch games],Stylization: Pixel Art
black skylands (2021) [hungry couch games],Stylization: Pixel Art
ylands: nintendo switch edition (2024) [unknown],Stylization: Cartoon
ylands: supporter pack (2024) [unknown],Stylization: Cartoon
